-- MySQL dump 10.13  Distrib 8.0.28, for Linux (x86_64)
--
-- Host: localhost    Database: infradev
-- ------------------------------------------------------
-- Server version	8.0.28-0ubuntu0.20.04.3

/*!40101 SET @OLD_CHARACTER_SET_CLIENT=@@CHARACTER_SET_CLIENT */;
/*!40101 SET @OLD_CHARACTER_SET_RESULTS=@@CHARACTER_SET_RESULTS */;
/*!40101 SET @OLD_COLLATION_CONNECTION=@@COLLATION_CONNECTION */;
/*!50503 SET NAMES utf8mb4 */;
/*!40103 SET @OLD_TIME_ZONE=@@TIME_ZONE */;
/*!40103 SET TIME_ZONE='+00:00' */;
/*!40014 SET @OLD_UNIQUE_CHECKS=@@UNIQUE_CHECKS, UNIQUE_CHECKS=0 */;
/*!40014 SET @OLD_FOREIGN_KEY_CHECKS=@@FOREIGN_KEY_CHECKS, FOREIGN_KEY_CHECKS=0 */;
/*!40101 SET @OLD_SQL_MODE=@@SQL_MODE, SQL_MODE='NO_AUTO_VALUE_ON_ZERO' */;
/*!40111 SET @OLD_SQL_NOTES=@@SQL_NOTES, SQL_NOTES=0 */;

--
-- Table structure for table `inframaterailpurchaseorders`
--

DROP TABLE IF EXISTS `inframaterailpurchaseorders`;
/*!40101 SET @saved_cs_client     = @@character_set_client */;
/*!50503 SET character_set_client = utf8mb4 */;
CREATE TABLE `inframaterailpurchaseorders` (
  `AutoMaterialPurchaseOrderId` int NOT NULL AUTO_INCREMENT,
  `MaterialPurchaseId` varchar(20) CHARACTER SET utf8 COLLATE utf8_general_ci DEFAULT NULL,
  `MaterialId` int DEFAULT NULL,
  `ProjectId` int DEFAULT NULL,
  `SubProjectId` int DEFAULT NULL,
  `VendorId` int DEFAULT NULL,
  `UserId` int DEFAULT NULL,
  `PurchaseOrderDate` date DEFAULT NULL,
  `QunatityOrdered` int DEFAULT NULL,
  `Metrics` varchar(20) CHARACTER SET utf8 COLLATE utf8_general_ci DEFAULT NULL,
  `PurchaseOrderCost` decimal(19,4) DEFAULT NULL,
  `OrderPlacedLocation` varchar(20) CHARACTER SET utf8 COLLATE utf8_general_ci DEFAULT NULL,
  `EstiamtedOrderDeliveryDate` date DEFAULT NULL,
  `PurchaseOrderStatus` varchar(20) CHARACTER SET utf8 COLLATE utf8_general_ci DEFAULT NULL,
  `Notes` varchar(80) CHARACTER SET utf8 COLLATE utf8_general_ci DEFAULT NULL,
  `UpdatedBy` varchar(40) CHARACTER SET utf8 COLLATE utf8_general_ci NOT NULL,
  `UpdatedTimeStamp` timestamp NOT NULL DEFAULT CURRENT_TIMESTAMP ON UPDATE CURRENT_TIMESTAMP,
  PRIMARY KEY (`AutoMaterialPurchaseOrderId`),
  KEY `par_ind` (`AutoMaterialPurchaseOrderId`),
  KEY `ProjectId` (`ProjectId`),
  KEY `SubProjectId` (`SubProjectId`),
  KEY `MaterialId` (`MaterialId`),
  CONSTRAINT `inframaterailpurchaseorders_ibfk_1` FOREIGN KEY (`ProjectId`) REFERENCES `infraprojects` (`AutoProjectId`) ON DELETE SET NULL ON UPDATE CASCADE,
  CONSTRAINT `inframaterailpurchaseorders_ibfk_2` FOREIGN KEY (`SubProjectId`) REFERENCES `infrasubprojects` (`AutoSubProjectId`) ON DELETE SET NULL ON UPDATE CASCADE,
  CONSTRAINT `inframaterailpurchaseorders_ibfk_3` FOREIGN KEY (`MaterialId`) REFERENCES `inframaterials` (`AutoMaterialId`) ON DELETE SET NULL ON UPDATE CASCADE
) ENGINE=InnoDB DEFAULT CHARSET=utf8mb4 COLLATE=utf8mb4_0900_ai_ci;
/*!40101 SET character_set_client = @saved_cs_client */;

--
-- Dumping data for table `inframaterailpurchaseorders`
--

LOCK TABLES `inframaterailpurchaseorders` WRITE;
/*!40000 ALTER TABLE `inframaterailpurchaseorders` DISABLE KEYS */;
/*!40000 ALTER TABLE `inframaterailpurchaseorders` ENABLE KEYS */;
UNLOCK TABLES;

--
-- Table structure for table `inframaterailstock`
--

DROP TABLE IF EXISTS `inframaterailstock`;
/*!40101 SET @saved_cs_client     = @@character_set_client */;
/*!50503 SET character_set_client = utf8mb4 */;
CREATE TABLE `inframaterailstock` (
  `AutoId` int NOT NULL AUTO_INCREMENT,
  `MaterialId` int DEFAULT NULL,
  `QuantityInStock` int NOT NULL,
  `Date` date DEFAULT NULL,
  `UpdatedBy` varchar(40) CHARACTER SET utf8 COLLATE utf8_general_ci NOT NULL,
  `UpdatedTimeStamp` timestamp NOT NULL DEFAULT CURRENT_TIMESTAMP ON UPDATE CURRENT_TIMESTAMP,
  PRIMARY KEY (`AutoId`),
  KEY `par_ind` (`AutoId`),
  KEY `MaterialId` (`MaterialId`),
  CONSTRAINT `inframaterailstock_ibfk_1` FOREIGN KEY (`MaterialId`) REFERENCES `inframaterials` (`AutoMaterialId`) ON DELETE SET NULL ON UPDATE CASCADE
) ENGINE=InnoDB DEFAULT CHARSET=utf8mb4 COLLATE=utf8mb4_0900_ai_ci;
/*!40101 SET character_set_client = @saved_cs_client */;

--
-- Dumping data for table `inframaterailstock`
--

LOCK TABLES `inframaterailstock` WRITE;
/*!40000 ALTER TABLE `inframaterailstock` DISABLE KEYS */;
/*!40000 ALTER TABLE `inframaterailstock` ENABLE KEYS */;
UNLOCK TABLES;

--
-- Table structure for table `inframaterials`
--

DROP TABLE IF EXISTS `inframaterials`;
/*!40101 SET @saved_cs_client     = @@character_set_client */;
/*!50503 SET character_set_client = utf8mb4 */;
CREATE TABLE `inframaterials` (
  `AutoMaterialId` int NOT NULL AUTO_INCREMENT,
  `MaterialId` varchar(20) CHARACTER SET utf8 COLLATE utf8_general_ci DEFAULT NULL,
  `MaterialName` varchar(40) CHARACTER SET utf8 COLLATE utf8_general_ci DEFAULT NULL,
  `MaterialCategory` varchar(20) CHARACTER SET utf8 COLLATE utf8_general_ci NOT NULL,
  `MaterialSubCategory` varchar(20) CHARACTER SET utf8 COLLATE utf8_general_ci NOT NULL,
  `MaterialDescription` varchar(80) CHARACTER SET utf8 COLLATE utf8_general_ci NOT NULL,
  `Metrics` varchar(20) CHARACTER SET utf8 COLLATE utf8_general_ci NOT NULL,
  `Price` decimal(19,2) DEFAULT NULL,
  `MateialNotes` varchar(80) CHARACTER SET utf8 COLLATE utf8_general_ci DEFAULT NULL,
  `UpdatedBy` varchar(40) CHARACTER SET utf8 COLLATE utf8_general_ci NOT NULL,
  `UpdatedTimeStamp` timestamp NOT NULL DEFAULT CURRENT_TIMESTAMP ON UPDATE CURRENT_TIMESTAMP,
  PRIMARY KEY (`AutoMaterialId`),
  UNIQUE KEY `UC_InfraMaterials` (`MaterialSubCategory`)
) ENGINE=InnoDB AUTO_INCREMENT=220 DEFAULT CHARSET=utf8mb4 COLLATE=utf8mb4_0900_ai_ci;
/*!40101 SET character_set_client = @saved_cs_client */;

--
-- Dumping data for table `inframaterials`
--

LOCK TABLES `inframaterials` WRITE;
/*!40000 ALTER TABLE `inframaterials` DISABLE KEYS */;
INSERT INTO `inframaterials` VALUES (65,'STL1','Steel-8 mm','Steel','Steel-8 mm',' ','Ton',5000.00,NULL,'Admin1','2021-12-02 09:10:58'),(66,'STL2','Steel-10 mm','Steel','Steel-10 mm','   ','Ton',7000.00,NULL,'Admin1','2021-12-02 09:10:58'),(67,'STL3','Steel-12 mm','Steel','Steel-12 mm','   ','Ton',6000.00,NULL,'Admin1','2021-12-02 09:10:58'),(68,'STL4','Steel-16 mm','Steel','Steel-16 mm','   ','Ton',5000.00,NULL,'Admin1','2021-12-02 09:10:58'),(69,'STL5','Steel-20 mm','Steel','Steel-20 mm','   ','Ton',7000.00,NULL,'Admin1','2021-12-02 09:10:58'),(70,'STL6','Steel-25 mm','Steel','Steel-25 mm','   ','Ton',9000.00,NULL,'Admin1','2021-12-02 09:10:58'),(71,'STL7','Steel-32 mm','Steel','Steel-32 mm','   ','Ton',9000.00,NULL,'Admin1','2021-12-02 09:10:58'),(72,'AGG1','Aggregates-Dust','Aggregates','Aggregates-Dust','   ','Ton',5500.00,NULL,'Admin1','2021-12-02 09:10:58'),(73,'AGG2','Aggregates-10 mm','Aggregates','Aggregates-10 mm','   ','Ton',11000.00,NULL,'Admin1','2021-12-02 09:10:58'),(74,'AGG3','Aggregates-20 mm','Aggregates','Aggregates-20 mm','   ','Ton',500.00,NULL,'Admin1','2021-12-02 09:10:58'),(75,'AGG4','Aggregates-40 mm','Aggregates','Aggregates-40 mm','   ','Ton',11000.00,NULL,'Admin1','2021-12-02 09:10:58'),(76,'AGG5','Aggregates-100 mm','Aggregates','Aggregates-100 mm','   ','Ton',104.50,NULL,'Admin1','2021-12-02 09:10:58'),(77,'AGG6','Mixed Material','Aggregates','Mixed Material','   ','Ton',104.50,NULL,'Admin1','2021-12-02 09:10:58'),(78,'CMT1','Cement-OPC43','Cement','Cement-OPC43','   ','Ton',704.50,NULL,'Admin1','2021-12-02 09:10:58'),(79,'POL1','POL-HSD','POL','HSD','   ','Litre',104.50,NULL,'Admin1','2021-12-02 09:10:58'),(80,'POL2','POL-Engine Oils','POL','Engine Oils','   ','Litre',104.50,NULL,'Admin1','2021-12-02 09:10:58'),(81,'POL3','POL-Hydraullic Oils','POL','Hydraullic Oils','   ','Litre',104.50,NULL,'Admin1','2021-12-02 09:10:58'),(82,'POL4','POL-Bitumen 60/70','POL','Bitumen 60/70','   ','Kgs',104.50,NULL,'Admin1','2021-12-02 09:10:58'),(83,'POL5','POL-LDO','POL','LDO','   ','Litre',104.50,NULL,'Admin1','2021-12-02 09:10:58'),(84,'POL6','POL-Petrol','POL','Petrol','   ','Litre',104.50,NULL,'Admin1','2021-12-02 09:10:58'),(85,'SND1','Sand-River ','Sand','Sand-River','   ','Ton',104.50,NULL,'Admin1','2021-12-02 09:10:58'),(86,'SND2','Sand-Robo','Sand','Sand-Robo','   ','Ton',104.50,NULL,'Admin1','2021-12-02 09:10:58');
/*!40000 ALTER TABLE `inframaterials` ENABLE KEYS */;
UNLOCK TABLES;

--
-- Table structure for table `inframaterialsissue`
--

DROP TABLE IF EXISTS `inframaterialsissue`;
/*!40101 SET @saved_cs_client     = @@character_set_client */;
/*!50503 SET character_set_client = utf8mb4 */;
CREATE TABLE `inframaterialsissue` (
  `AutoMaterialIssueId` int NOT NULL AUTO_INCREMENT,
  `MaterialIssueId` varchar(20) CHARACTER SET utf8 COLLATE utf8_general_ci DEFAULT NULL,
  `MaterialId` int DEFAULT NULL,
  `UserId` int DEFAULT NULL,
  `ProjectId` int DEFAULT NULL,
  `SubProjectId` int DEFAULT NULL,
  `Quantity` decimal(19,4) NOT NULL,
  `Metrics` varchar(255) NOT NULL,
  `IssuedDate` date NOT NULL,
  `IssuedLocation` varchar(20) CHARACTER SET utf8 COLLATE utf8_general_ci DEFAULT NULL,
  `DeliverLocation` varchar(20) CHARACTER SET utf8 COLLATE utf8_general_ci DEFAULT NULL,
  `IssueVehicleNo` varchar(20) CHARACTER SET utf8 COLLATE utf8_general_ci DEFAULT NULL,
  `InvoiceImg` varchar(255) CHARACTER SET utf8 COLLATE utf8_general_ci DEFAULT NULL,
  `ReceivedBy` varchar(40) CHARACTER SET utf8 COLLATE utf8_general_ci DEFAULT NULL,
  `Notes` varchar(80) CHARACTER SET utf8 COLLATE utf8_general_ci DEFAULT NULL,
  `UpdatedBy` varchar(40) CHARACTER SET utf8 COLLATE utf8_general_ci NOT NULL,
  `UpdatedTimeStamp` timestamp NOT NULL DEFAULT CURRENT_TIMESTAMP ON UPDATE CURRENT_TIMESTAMP,
  `Status` varchar(20) DEFAULT 'pending',
  PRIMARY KEY (`AutoMaterialIssueId`),
  KEY `par_ind` (`AutoMaterialIssueId`),
  KEY `UserId` (`UserId`),
  KEY `ProjectId` (`ProjectId`),
  KEY `SubProjectId` (`SubProjectId`),
  KEY `MaterialId` (`MaterialId`),
  CONSTRAINT `inframaterialsissue_ibfk_1` FOREIGN KEY (`UserId`) REFERENCES `infrausers` (`AutoUserId`) ON DELETE SET NULL ON UPDATE CASCADE,
  CONSTRAINT `inframaterialsissue_ibfk_2` FOREIGN KEY (`MaterialId`) REFERENCES `inframaterials` (`AutoMaterialId`) ON DELETE SET NULL ON UPDATE CASCADE,
  CONSTRAINT `inframaterialsissue_ibfk_3` FOREIGN KEY (`ProjectId`) REFERENCES `infraprojects` (`AutoProjectId`) ON DELETE SET NULL ON UPDATE CASCADE,
  CONSTRAINT `inframaterialsissue_ibfk_4` FOREIGN KEY (`SubProjectId`) REFERENCES `infrasubprojects` (`AutoSubProjectId`) ON DELETE SET NULL ON UPDATE CASCADE,
  CONSTRAINT `inframaterialsissue_ibfk_5` FOREIGN KEY (`MaterialId`) REFERENCES `inframaterials` (`AutoMaterialId`) ON DELETE SET NULL ON UPDATE CASCADE
) ENGINE=InnoDB AUTO_INCREMENT=84 DEFAULT CHARSET=utf8mb4 COLLATE=utf8mb4_0900_ai_ci;
/*!40101 SET character_set_client = @saved_cs_client */;

--
-- Dumping data for table `inframaterialsissue`
--

LOCK TABLES `inframaterialsissue` WRITE;
/*!40000 ALTER TABLE `inframaterialsissue` DISABLE KEYS */;
INSERT INTO `inframaterialsissue` VALUES (1,NULL,NULL,3,2,3,20.5000,'Ton','2021-11-22','Mumbai','Mumbai','TS 7 8 1098','http://143.110.241.155:8100/uploads/4578821637583279706.jpeg','srija','','9999999999','2022-02-07 06:51:18','pending'),(2,NULL,NULL,8,3,5,200.0000,'Ton','2021-11-22','hyd','vizag','TTH 577','http://143.110.241.155:8100/uploads/3302521637595514581.jpeg','lokesh','test','7013406701','2022-02-07 06:51:18','pending'),(3,NULL,NULL,4,3,5,2.5000,'Ton','2021-11-23','Hyderabad ','Madhapur ','TTSTS ',NULL,'project manager ','issueing sand robo','9010418454','2021-11-23 04:22:52','pending'),(4,NULL,NULL,11,1,1,96.0000,'Ton','2021-11-23','hyd','hyd','GFJU58','http://143.110.241.155:8100/uploads/1632141637644371029.jpeg','naani','naani','9876543210','2022-02-07 06:51:18','approve'),(5,NULL,NULL,4,3,6,6756.0000,'Ton','2021-11-25','6576','676','8768',NULL,'uyjhjh','mkjh','9010418454','2021-11-25 06:02:38','pending'),(6,NULL,NULL,4,3,6,57.0000,'Ton','2021-11-25','56765jh','hgjgh','HJHHJ',NULL,'hjghj','hm','9010418454','2021-11-25 06:07:40','pending'),(7,NULL,NULL,4,3,6,6787.0000,'Ton','2021-11-25','iyukj','m,jh,kjk','JHK,JJK',NULL,'jhkjhj','khj,k','9010418454','2021-11-25 06:58:32','pending'),(8,NULL,NULL,4,3,6,7879.0000,'Ton','2021-11-25','789788','7978987','MHJMJJH',NULL,'mjhmhjj','hkhj','9010418454','2021-11-25 07:00:28','pending'),(9,NULL,NULL,4,3,6,768.0000,'Ton','2021-11-25','9jhk','uykyu','JKUJYJ',NULL,'uyjkmj','kmj','9010418454','2021-11-25 07:02:55','pending'),(10,NULL,NULL,4,3,6,2.0000,'Ton','2021-11-25','hytuyt','jmhgmjhmjm','KHJMHJMJ',NULL,'mkhjmjj','mkhjm','9010418454','2021-11-25 07:05:48','pending'),(11,NULL,NULL,4,3,6,7567.0000,'Ton','2021-11-25','765uy','jythjhj','HHMK',NULL,'jythjkj','uykmy','9010418454','2021-11-25 07:11:14','pending'),(12,NULL,NULL,4,3,6,7657.0000,'Ton','2021-11-25','hjhg','hjhgh','JHGH',NULL,'jh','jgh','9010418454','2021-11-25 07:48:25','pending'),(13,NULL,NULL,4,3,6,45.0000,'Ton','2021-11-25','ghgfj','jjhgj','HJHJHJ',NULL,'hjuhj','yjt','9010418454','2021-11-25 07:51:39','pending'),(14,NULL,NULL,4,3,6,8.0000,'Ton','2021-11-25','jh,kjj','kj,jk','JL,K,LJ',NULL,'kjk,k','u,lk,l','9010418454','2021-11-25 10:53:11','pending'),(15,NULL,NULL,4,3,6,98.0000,'Ton','2021-11-25','jgk,k','kj,gjk','KJHKK',NULL,'ikiukk','yukyuik','9010418454','2021-11-25 10:53:52','pending'),(16,NULL,NULL,4,2,2,45.0000,'Ton','2021-11-25','fhjnhggj','hkmjhk','JHKIK',NULL,'jkhjkkj','mjmkjh','9010418454','2021-11-25 11:11:10','pending'),(17,NULL,NULL,4,2,2,87.0000,'Ton','2021-11-25','hjh','jhkjhjj','KUIKIU',NULL,'jkkuiu','iyukui','9010418454','2021-11-25 11:12:07','pending'),(18,NULL,NULL,4,2,2,8.0000,'Ton','2021-11-25','hjyu','yujj','HJJHK',NULL,'ujj','gjhj','9010418454','2021-11-25 11:12:54','pending'),(19,NULL,NULL,4,2,2,89.0000,'Ton','2021-11-25','jkjh','kj,jkj','HKJKHJ',NULL,'kj,k,j','kmjh,','9010418454','2021-11-25 11:14:13','pending'),(20,NULL,NULL,4,3,6,67.0000,'Ton','2021-11-25','hjhyu','jyu','JYUJKJ',NULL,'ujkyuiuj','yujk','9010418454','2021-11-25 11:48:21','pending'),(21,NULL,NULL,4,3,6,7567.0000,'Ton','2021-11-25','7657','hjuyj','JUYJYJ',NULL,'yuj','juyjmk','9010418454','2021-11-25 11:49:15','pending'),(22,NULL,NULL,4,3,6,76.0000,'Ton','2021-11-25','kj,lhk','jk,loik','IJKL,I',NULL,'klukl,i','klk','9010418454','2021-11-25 11:50:07','pending'),(23,NULL,NULL,4,3,6,5465.0000,'Ton','2021-11-25','hgfhgy','hg','HJJNHJ',NULL,'njhnjh','njhn','9010418454','2021-11-25 11:51:58','pending'),(24,NULL,NULL,4,3,6,3625.0000,'Ton','2021-11-25','thtghg','nhnhgh','NGHNGHN',NULL,'hgnghnhn','ghn','9010418454','2021-11-25 11:53:39','pending'),(25,NULL,NULL,4,3,6,6456.0000,'Ton','2021-11-25','ghfgng','hnhgnh','NGHMH',NULL,'nghmhg','nghmjh','9010418454','2021-11-25 11:54:38','pending'),(26,NULL,NULL,4,3,6,7.0000,'Ton','2021-11-25','jhjnj','jhmyuh','MJHMH',NULL,'jmhmh','njhm','9010418454','2021-11-25 11:56:29','pending'),(27,NULL,NULL,4,3,6,4765.0000,'Ton','2021-11-25','hjnhg','nghmh','JHMHJ',NULL,'hmjh','hmj','9010418454','2021-11-25 11:57:24','pending'),(28,NULL,NULL,4,3,6,767.0000,'Ton','2021-11-25','hjnhgh','jhhj','GHMJHMJH',NULL,'mjhmj','mhj','9010418454','2021-11-25 11:58:04','pending'),(29,NULL,NULL,4,3,6,675.0000,'Ton','2021-11-25','uyhyyj','juyjuu','JUYJ',NULL,'juyjuj','yujyu','9010418454','2021-11-25 12:04:07','pending'),(30,NULL,NULL,4,3,6,6546.0000,'Ton','2021-11-25','thty','hythy','HJYTJY',NULL,'hjythjty','jtj','9010418454','2021-11-25 12:05:13','pending'),(31,NULL,NULL,4,3,6,7.0000,'Ton','2021-11-25','m,kk',',jk,k',',K',NULL,',k',',j,','9010418454','2021-11-25 12:05:37','pending'),(32,NULL,NULL,4,3,6,656.0000,'Ton','2021-11-25','6hythy','thyhyt','JHTYHJNUYYH',NULL,'jythjnyh','jythjny','9010418454','2021-11-25 12:06:13','pending'),(33,NULL,NULL,4,3,6,767.0000,'Ton','2021-11-25','hnjhh','gmjhh','MJMJ',NULL,'mjhmj','hmhj,','9010418454','2021-11-25 12:10:06','pending'),(34,NULL,NULL,4,3,6,345.0000,'Ton','2021-11-25','trtytt','trhgt','HYH',NULL,'ytghyh','tyhty','9010418454','2021-11-25 12:11:04','pending'),(35,NULL,NULL,4,3,6,56.0000,'Ton','2021-11-25','5','hjh','JHH',NULL,'jhh','jgh','9010418454','2021-11-25 12:12:52','pending'),(36,NULL,NULL,4,3,6,645.0000,'Ton','2021-11-25','thgfh','ggh','JNGHH',NULL,'gnh','jngh','9010418454','2021-11-25 12:13:29','pending'),(37,NULL,NULL,4,3,6,988.0000,'Ton','2021-11-25','olol','klkjk',',JK.K',NULL,'.lk,.lk',',.jhk,.','9010418454','2021-11-25 12:14:45','pending'),(38,NULL,NULL,4,3,6,67.0000,'Ton','2021-11-25','jkyuikuj','hkmuijjm','HJMJHMGH',NULL,'mhmjh','jgm','9010418454','2021-11-25 12:21:54','pending'),(39,NULL,NULL,4,3,6,356.0000,'Ton','2021-11-25','656t','regg','FGBHG',NULL,'nghg','nghn','9010418454','2021-11-25 12:33:31','pending'),(40,NULL,NULL,4,3,6,56.0000,'Ton','2021-11-25','hnghn','gnbm','HJMH',NULL,'hgjnghg','fghnhg','9010418454','2021-11-25 12:55:49','pending'),(41,NULL,NULL,4,3,6,75.0000,'Ton','2021-11-25','thghh','gjnhh','NHGNJH',NULL,'nmhmnj','hgmjhhhhh','9010418454','2021-11-25 13:23:33','pending'),(42,NULL,NULL,4,3,6,455.0000,'Ton','2021-11-25','gfhgfng','hbnhgn','HBHGHN',NULL,'ghnghhn','ghmngh','9010418454','2021-11-25 13:34:00','pending'),(43,NULL,NULL,4,3,6,65.0000,'Ton','2021-11-25','gnbn','nbmnh','MNJMHH',NULL,'njmhmhhmn','hjm hj','9010418454','2021-11-25 13:49:21','pending'),(44,NULL,NULL,4,3,6,46.0000,'Ton','2021-11-25','hnghj','nhgmnjh','MHNMHJM',NULL,'nhm jhhjmnm njj','mhm','9010418454','2021-11-25 13:49:46','pending'),(45,NULL,NULL,4,3,6,67.0000,'Ton','2021-11-25','hnjhm','mnhnmhjjm','HJMJKMJ',NULL,'mhmjhm','hjmjkm','9010418454','2021-11-25 13:50:15','pending'),(46,NULL,NULL,4,3,6,55.0000,'Ton','2021-11-25','hnghn','nhgjhh','NHNJHH',NULL,'nghnmjghh','nghn','9010418454','2021-11-25 14:02:19','pending'),(47,NULL,NULL,4,3,6,78.0000,'Ton','2021-11-25','jhmghjjm','jhkmjjh','MJHK,JKJH',NULL,'mj,kjm','hjk,jk,','9010418454','2021-11-25 14:02:43','pending'),(48,NULL,NULL,18,1,1,123.0000,'Ton','2021-11-25','hyde','Madhapur ','12345','http://143.110.241.155:8100/uploads/5279871637849538532.jpeg','srija','added','1234523652','2022-02-07 06:51:18','approve'),(49,NULL,NULL,4,1,1,200.0000,'Ton','2021-11-25','Hyderabad ','hyderaTelangana ','12345',NULL,'gym','added','9010418454','2021-11-25 16:13:30','approve'),(50,NULL,NULL,4,1,1,657.0000,'Ton','2021-11-26','hgjghgh','jkgkmjgh','KHJK',NULL,'jhkjh','yjtyjuj','9010418454','2021-11-26 05:58:04','approve'),(51,NULL,NULL,4,1,1,1234.0000,'Ton','2021-11-26','hdhdhd','dhhfhfj','DDJDJJFD','http://143.110.241.155:8100/uploads/2865131637906867148.jpeg','Arun kumar','added','9010418454','2022-02-07 06:51:18','approve'),(52,NULL,NULL,4,1,1,235.0000,'Ton','2021-11-26','Hyderabad ','hyder','512346','http://143.110.241.155:8100/uploads/7891521637906936347.jpeg','received ','added','9010418454','2022-02-07 06:51:18','approve'),(53,NULL,NULL,19,3,5,25.0000,'Ton','2021-11-26','5325','5','HGH',NULL,'Jf','','9949196343','2021-11-26 06:29:06','pending'),(54,NULL,NULL,4,3,6,2.0000,'Ton','2021-11-26','Hyderabad ','affgbh','12345',NULL,'Lokesh Kolli','adddd','9010418454','2021-11-26 06:30:23','pending'),(55,NULL,NULL,4,3,6,565.0000,'Ton','2021-11-26','hyderabad','yuytuy','TUYTUJYYT',NULL,'jhmkyt','ujjuy','9010418454','2021-11-26 08:41:29','pending'),(56,NULL,NULL,4,3,6,566.0000,'Ton','2021-11-26','hyderabad','hfgjhgytj','YUKJYU',NULL,'yuykj','ghfghf','9010418454','2021-11-26 08:43:13','pending'),(57,NULL,NULL,4,3,6,5678.0000,'Ton','2021-11-26','hyderabad','hyderabad','12345',NULL,'hyderbad','qrtgerg','9010418454','2021-11-26 08:47:43','pending'),(58,NULL,NULL,4,3,6,467.0000,'Ton','2021-11-26','67657','5676','HJH',NULL,'jhg','hjmh','9010418454','2021-11-26 09:17:45','pending'),(59,NULL,NULL,11,3,4,52.0000,'Ton','2021-11-26','hyd','hyd','TS 98 HY 4683','http://143.110.241.155:8100/uploads/6666641637919849045.jpeg','Naani','','9876543210','2022-02-07 06:51:18','pending'),(60,NULL,NULL,4,3,6,4.0000,'Ton','2021-11-26','yjhg','hnh','HFJNGHH',NULL,'jnghmghngmhj','hnmjg','9010418454','2021-11-26 12:12:56','pending'),(61,NULL,NULL,4,3,6,543.0000,'Ton','2021-11-26','543trr','fgfg','DFHGF',NULL,'ghgfnh','nhn','9010418454','2021-11-26 12:14:23','pending'),(62,NULL,NULL,4,3,6,3454.0000,'Ton','2021-11-26','ghg','ghby','HTHH',NULL,'tghbgh','bgbh','9010418454','2021-11-26 12:15:18','pending'),(63,NULL,NULL,4,3,6,5465.0000,'Ton','2021-11-26','gbffg','bhgg','BHGFNGH',NULL,'bfgg','hbgnh','9010418454','2021-11-26 12:15:50','pending'),(64,NULL,NULL,4,3,6,99.0000,'Ton','2021-11-29','hkhj','kjhk','JKY',NULL,'jjhy','ujuy','9010418454','2021-11-29 05:20:44','pending'),(65,NULL,NULL,4,3,6,5.0000,'Ton','2021-12-01','fgbhfggf','hdgnjgf','NHGFDNGF',NULL,'nhggf','ngh','9010418454','2021-12-01 05:32:49','pending'),(67,NULL,73,27,2,2,3.0000,'Ton','2021-12-03','madhapur','lb nagar','1234',NULL,'srija','issued aggrgates','3451237890','2022-02-08 10:58:48','approve'),(68,NULL,74,4,2,2,56.0000,'Ton','2021-12-04','hjgj','hgjgh','NJGHMJHG',NULL,'jmhmkgh','jnhgmk','9010418454','2021-12-04 11:03:50','pending'),(69,NULL,74,4,2,2,456.0000,'Ton','2021-12-04','hyderbad','madhapur','GHFGDF',NULL,'hfgnjfd','ghfg','9010418454','2022-02-08 12:43:24','approve'),(70,NULL,65,30,1,1,9.0000,'Ton','2021-12-08','Hyderabad','Goa','WT VF',NULL,'sri','','9866816283','2021-12-08 08:42:14','approve'),(71,'1',73,1,2,1,9.0000,'tons','2019-04-28','hyderabad','banglore','AP-34-j-1998','undefined','storekeeper','cement','Admin','2022-02-08 12:43:18','approve'),(72,'1',73,1,2,1,9.0000,'tons','2019-04-28','hyderabad','banglore','AP-34-j-1998','undefined','storekeeper','cement','Admin','2022-02-08 12:42:09','approve'),(73,'1',73,1,2,1,9.0000,'tons','2019-04-28','hyderabad','banglore','AP-34-j-1998','undefined','storekeeper','cement','Admin','2022-02-08 10:12:43','approve'),(74,'1',73,1,2,1,9.0000,'tons','2019-04-28','hyderabad','banglore','AP-34-j-1998','undefined','storekeeper','cement','Admin','2022-02-08 10:11:36','decline'),(75,'1',73,4,2,1,9.0000,'tons','2019-04-28','hyderabad','banglore','AP-34-j-1998','undefined','storekeeper','cement','Admin','2022-02-08 12:42:07','approve'),(76,'1',73,4,2,1,9.0000,'tons','2019-04-28','hyderabad','banglore','AP-34-j-1998','undefined','storekeeper','cement','Admin','2022-02-08 11:02:41','decline'),(77,'1',73,4,2,1,9.0000,'tons','2019-04-28','hyderabad','banglore','AP-34-j-1998','undefined','storekeeper','cement','Admin','2022-02-08 11:02:38','approve'),(78,'undefined',78,4,4,12,25.0000,'Ton','2022-02-11','Hyderabad','madhapur','SHIO D LAB','undefined','dp','as','9010418454','2022-03-07 10:01:43','approve'),(79,'undefined',65,99,1,1,20.0000,'Ton','2022-02-11','Hyderabad','goa','TS','undefined','srija','','+91-12345670','2022-02-11 07:52:57','approve'),(80,'undefined',65,99,1,1,1.0000,'Ton','2022-02-11','Goa','hyd','TS 5 U 1907','undefined','srija','lining','+91-12345670','2022-02-11 07:56:24','approve'),(81,'undefined',65,99,1,1,1.0000,'Ton','2022-02-11','hyd','goa','TS 5 U 1907','undefined','lokesh','lining','+91-12345670','2022-02-11 07:56:23','approve'),(82,'undefined',86,99,1,1,250.0000,'Ton','2022-02-11','Hyderabad','goa','TS 5 U 1098','http://143.110.241.155:8100/uploads/1445731644566254404.jpeg','srija','lining','+91-12345670','2022-02-11 07:57:54','approve'),(83,'undefined',78,4,4,12,56.0000,'Ton','2022-02-11','meghana home','lokesh house','SRIJA K','undefined','srija','okay','9010418454','2022-03-07 05:20:29','approve');
/*!40000 ALTER TABLE `inframaterialsissue` ENABLE KEYS */;
UNLOCK TABLES;

--
-- Table structure for table `inframaterialsreceipts`
--

DROP TABLE IF EXISTS `inframaterialsreceipts`;
/*!40101 SET @saved_cs_client     = @@character_set_client */;
/*!50503 SET character_set_client = utf8mb4 */;
CREATE TABLE `inframaterialsreceipts` (
  `AutoMaterialReceiptId` int NOT NULL AUTO_INCREMENT,
  `MaterialId` int DEFAULT NULL,
  `PurchaseOrderId` int DEFAULT NULL,
  `PurchaseOrderId1` varchar(20) CHARACTER SET utf8 COLLATE utf8_general_ci DEFAULT NULL,
  `MaterialReceiptId` varchar(20) CHARACTER SET utf8 COLLATE utf8_general_ci DEFAULT NULL,
  `UserId` int DEFAULT NULL,
  `ProjectId` int DEFAULT NULL,
  `SubProjectId` int DEFAULT NULL,
  `PurchaseDate` date DEFAULT NULL,
  `Quantity` decimal(19,4) NOT NULL,
  `Price` decimal(19,4) DEFAULT NULL,
  `VendorId` int DEFAULT NULL,
  `Metrics` varchar(20) CHARACTER SET utf8 COLLATE utf8_general_ci DEFAULT NULL,
  `DateReceived` date DEFAULT NULL,
  `VoucherDate` date DEFAULT NULL,
  `InvoiceNo` varchar(20) CHARACTER SET utf8 COLLATE utf8_general_ci DEFAULT NULL,
  `VehicleNo` varchar(20) CHARACTER SET utf8 COLLATE utf8_general_ci DEFAULT NULL,
  `Location` varchar(20) CHARACTER SET utf8 COLLATE utf8_general_ci DEFAULT NULL,
  `InvoiceImg` varchar(255) CHARACTER SET utf8 COLLATE utf8_general_ci DEFAULT NULL,
  `ReceivedBy` varchar(40) CHARACTER SET utf8 COLLATE utf8_general_ci DEFAULT NULL,
  `Notes` varchar(80) CHARACTER SET utf8 COLLATE utf8_general_ci DEFAULT NULL,
  `UpdatedBy` varchar(40) CHARACTER SET utf8 COLLATE utf8_general_ci NOT NULL,
  `UpdatedTimeStamp` timestamp NOT NULL DEFAULT CURRENT_TIMESTAMP ON UPDATE CURRENT_TIMESTAMP,
  `Status` varchar(20) NOT NULL DEFAULT 'pending',
  PRIMARY KEY (`AutoMaterialReceiptId`),
  KEY `par_ind` (`AutoMaterialReceiptId`),
  KEY `ProjectId` (`ProjectId`),
  KEY `SubProjectId` (`SubProjectId`),
  KEY `MaterialId` (`MaterialId`),
  KEY `VendorId` (`VendorId`),
  KEY `UserId` (`UserId`),
  CONSTRAINT `inframaterialsreceipts_ibfk_1` FOREIGN KEY (`ProjectId`) REFERENCES `infraprojects` (`AutoProjectId`) ON DELETE SET NULL ON UPDATE CASCADE,
  CONSTRAINT `inframaterialsreceipts_ibfk_2` FOREIGN KEY (`SubProjectId`) REFERENCES `infrasubprojects` (`AutoSubProjectId`) ON DELETE SET NULL ON UPDATE CASCADE,
  CONSTRAINT `inframaterialsreceipts_ibfk_3` FOREIGN KEY (`MaterialId`) REFERENCES `inframaterials` (`AutoMaterialId`) ON DELETE SET NULL ON UPDATE CASCADE,
  CONSTRAINT `inframaterialsreceipts_ibfk_4` FOREIGN KEY (`VendorId`) REFERENCES `infravendors` (`AutoVendorId`) ON DELETE SET NULL ON UPDATE CASCADE,
  CONSTRAINT `inframaterialsreceipts_ibfk_5` FOREIGN KEY (`UserId`) REFERENCES `infrausers` (`AutoUserId`) ON DELETE SET NULL ON UPDATE CASCADE
) ENGINE=InnoDB AUTO_INCREMENT=355 DEFAULT CHARSET=utf8mb4 COLLATE=utf8mb4_0900_ai_ci;
/*!40101 SET character_set_client = @saved_cs_client */;

--
-- Dumping data for table `inframaterialsreceipts`
--

LOCK TABLES `inframaterialsreceipts` WRITE;
/*!40000 ALTER TABLE `inframaterialsreceipts` DISABLE KEYS */;
INSERT INTO `inframaterialsreceipts` VALUES (1,NULL,NULL,NULL,NULL,3,2,3,NULL,1200.0000,NULL,3,'Ton','2021-11-22','2021-11-22','GY57','TS 6 U 1098','Hyderabad','http://143.110.241.155:8100/uploads/5696821637583144846.jpeg','9999999999','material added successfully','9999999999','2022-02-07 06:50:44','approve'),(2,NULL,NULL,NULL,NULL,3,2,3,NULL,120.0000,NULL,3,'Ton','2021-11-22','2021-11-22','TY86','TS 6 U 8903','Hyderabad',NULL,'9999999999','','9999999999','2022-02-05 15:26:09','approve'),(3,NULL,NULL,NULL,NULL,4,1,1,NULL,1000.0000,NULL,3,'Ton','2021-11-22','2021-11-22','','TS 1235','Hyderabad ','http://143.110.241.155:8100/uploads/1331891637583348765.jpeg','9010418454','adding steel 16mm','9010418454','2022-02-07 06:50:44','approve'),(4,NULL,NULL,NULL,NULL,4,1,1,NULL,6000.0000,NULL,4,'Ton','2021-11-22','2021-11-22','3456','','',NULL,'9010418454','','9010418454','2021-11-22 12:24:05','approve'),(5,NULL,NULL,NULL,NULL,4,1,1,NULL,7637.0000,NULL,3,'Ton','2021-11-22','2021-11-22','5464','','',NULL,'9010418454','','9010418454','2021-11-22 12:25:18','approve'),(6,NULL,NULL,NULL,NULL,4,1,1,NULL,546.0000,NULL,4,'Ton','2021-11-22','2021-11-22','','','',NULL,'9010418454','','9010418454','2021-11-22 12:26:46','approve'),(7,NULL,NULL,NULL,NULL,4,1,1,NULL,2000.0000,NULL,3,'Ton','2021-11-22','2021-11-22','','','',NULL,'9010418454','','9010418454','2021-11-22 12:28:06','approve'),(8,NULL,NULL,NULL,NULL,4,1,1,NULL,567.0000,NULL,4,'Ton','2021-11-22','2021-11-22','','','',NULL,'9010418454','','9010418454','2021-11-22 12:31:09','approve'),(9,NULL,NULL,NULL,NULL,7,1,1,NULL,2000.0000,NULL,3,'Ton','2021-11-22','2021-11-22','YU5H','TS 6 U 9081','Hyderabad','http://143.110.241.155:8100/uploads/1681291637584287900.jpeg','9635488557','material added with aggregate','9635488557','2022-02-07 06:50:44','approve'),(10,NULL,NULL,NULL,NULL,4,1,1,NULL,899.0000,NULL,4,'Ton','2021-11-22','2021-11-22','89','','',NULL,'9010418454','','9010418454','2021-11-22 12:53:02','approve'),(11,NULL,NULL,NULL,NULL,4,1,1,NULL,567.0000,NULL,1,'Ton','2021-11-22','2021-11-22','234','','',NULL,'9010418454','','9010418454','2021-11-22 13:01:23','approve'),(12,NULL,NULL,NULL,NULL,4,1,1,NULL,6546.0000,NULL,3,'Ton','2021-11-22','2021-11-22','2342','547466','gffg',NULL,'9010418454','gffgj','9010418454','2021-11-22 13:09:19','approve'),(13,NULL,NULL,NULL,NULL,4,1,1,NULL,5467.0000,NULL,4,'Ton','2021-11-22','2021-11-22','5654','','',NULL,'9010418454','','9010418454','2021-11-22 13:14:37','approve'),(14,NULL,NULL,NULL,NULL,4,1,1,NULL,1234.0000,NULL,4,'Ton','2021-11-22','2021-11-22','','','',NULL,'9010418454','','9010418454','2021-11-22 13:16:36','approve'),(15,NULL,NULL,NULL,NULL,4,1,1,NULL,7890.0000,NULL,3,'Ton','2021-11-22','2021-11-22','5465','','',NULL,'9010418454','','9010418454','2021-11-22 13:17:42','approve'),(16,NULL,NULL,NULL,NULL,4,1,1,NULL,234.0000,NULL,4,'Ton','2021-11-22','2021-11-22','','','',NULL,'9010418454','','9010418454','2021-11-22 13:18:32','approve'),(17,NULL,NULL,NULL,NULL,4,1,1,NULL,7876.0000,NULL,4,'Ton','2021-11-22','2021-11-22','57','','',NULL,'9010418454','','9010418454','2021-11-22 13:19:33','approve'),(18,NULL,NULL,NULL,NULL,4,1,1,NULL,6789.0000,NULL,4,'Ton','2021-11-22','2021-11-22','467','','',NULL,'9010418454','','9010418454','2021-11-22 13:20:55','approve'),(19,NULL,NULL,NULL,NULL,4,1,1,NULL,6789.0000,NULL,4,'Ton','2021-11-22','2021-11-22','467','','',NULL,'9010418454','','9010418454','2021-11-22 13:21:13','approve'),(20,NULL,NULL,NULL,NULL,4,1,1,NULL,6576.0000,NULL,4,'Ton','2021-11-22','2021-11-22','6446','','',NULL,'9010418454','','9010418454','2021-11-22 13:21:50','approve'),(21,NULL,NULL,NULL,NULL,4,1,1,NULL,456.0000,NULL,3,'Ton','2021-11-22','2021-11-22','','','',NULL,'9010418454','','9010418454','2021-11-22 13:25:14','approve'),(22,NULL,NULL,NULL,NULL,4,1,1,NULL,5654.0000,NULL,3,'Litre','2021-11-22','2021-11-22','35646','','',NULL,'9010418454','','9010418454','2021-11-22 13:28:08','approve'),(23,NULL,NULL,NULL,NULL,4,1,1,NULL,565.0000,NULL,3,'Ton','2021-11-22','2021-11-22','35','','',NULL,'9010418454','','9010418454','2021-11-22 13:29:07','approve'),(24,NULL,NULL,NULL,NULL,4,1,1,NULL,435.0000,NULL,4,'Ton','2021-11-22','2021-11-22','345','','',NULL,'9010418454','','9010418454','2021-11-22 13:29:57','approve'),(25,NULL,NULL,NULL,NULL,4,1,1,NULL,456.0000,NULL,4,'Ton','2021-11-22','2021-11-22','435464','767','6576',NULL,'9010418454','56756','9010418454','2021-11-22 13:39:20','approve'),(26,NULL,NULL,NULL,NULL,4,1,1,NULL,456.0000,NULL,4,'Litre','2021-11-22','2021-11-22','536','7','jhhh',NULL,'9010418454','gjh','9010418454','2021-11-22 13:41:37','approve'),(27,NULL,NULL,NULL,NULL,4,1,1,NULL,356.0000,NULL,4,'Ton','2021-11-22','2021-11-22','345345','56554','646',NULL,'9010418454','6765','9010418454','2021-11-22 13:47:05','approve'),(28,NULL,NULL,NULL,NULL,4,1,1,NULL,7657.0000,NULL,3,'Ton','2021-11-22','2021-11-22','546','','',NULL,'9010418454','','9010418454','2021-11-22 13:53:02','approve'),(29,NULL,NULL,NULL,NULL,4,1,1,NULL,435.0000,NULL,4,'Ton','2021-11-22','2021-11-22','4543','','',NULL,'9010418454','','9010418454','2021-11-22 13:53:34','approve'),(30,NULL,NULL,NULL,NULL,8,3,5,NULL,2887.0000,NULL,3,'Ton','2021-12-22','2021-11-22','LLP 20231','AP 373 S','vizag','http://143.110.241.155:8100/uploads/8123601637589861515.jpeg','7013406701','testing','7013406701','2022-02-07 06:50:44','pending'),(31,NULL,NULL,NULL,NULL,4,1,1,NULL,2500.0000,NULL,4,'Ton','2021-11-22','2021-11-22','1234','1234','Hyderabad ',NULL,'9010418454','added','9010418454','2021-11-22 14:27:25','approve'),(32,NULL,NULL,NULL,NULL,4,3,5,NULL,4.5000,NULL,3,'Ton','2021-11-23','2021-11-23','12345','TS 1234','Hyderabad ','http://143.110.241.155:8100/uploads/2551801637641261330.jpeg','9010418454','adding sand robo ','9010418454','2022-02-07 06:50:44','pending'),(33,NULL,NULL,NULL,NULL,11,3,4,NULL,46.0000,NULL,4,'Ton','2021-11-23','2021-11-23','yi77','TY GY09','hyd','http://143.110.241.155:8100/uploads/5300331637646581715.jpeg','9876543210','','9876543210','2022-02-07 06:50:44','pending'),(34,NULL,NULL,'324',NULL,4,3,4,NULL,45.0000,NULL,4,'Ton','2021-11-23','2021-11-23','234','42543','hyderbad',NULL,'9010418454','5435','9010418454','2021-11-23 06:38:04','pending'),(35,NULL,NULL,'33335',NULL,4,3,4,NULL,654.0000,NULL,3,'Ton','2021-11-23','2021-11-23','trhgf','HJHGGH','jghmhg',NULL,'9010418454','mgm','9010418454','2021-11-23 06:58:45','pending'),(36,NULL,NULL,'1234',NULL,4,3,4,NULL,345.0000,NULL,3,'Ton','2021-11-23','2021-11-23','LLP 2021','TS 4567','hyderabad',NULL,'9010418454','fggfh','9010418454','2021-11-23 08:40:05','pending'),(37,NULL,NULL,NULL,NULL,5,3,5,NULL,5.0000,NULL,2,'Ton','2021-11-24','2021-11-23','tuj','GFBJ','gcvbh',NULL,'8077828472','gvbnggbj','8077828472','2021-11-23 10:09:00','pending'),(38,NULL,NULL,'1234',NULL,4,3,6,NULL,2500.0000,NULL,2,'Ton','2021-11-24','2021-11-24','1234','QEQESSQEQESSS','hydd','http://143.110.241.155:8100/uploads/7182321637753551204.jpeg','9010418454','addrd','9010418454','2022-02-07 06:50:44','pending'),(39,NULL,NULL,'1234',NULL,4,3,6,NULL,456.0000,NULL,4,'Ton','2021-11-24','2021-11-24','45','4546','hgh',NULL,'9010418454','ghgfh','9010418454','2021-11-24 11:39:09','pending'),(40,NULL,NULL,'456',NULL,4,3,6,NULL,654.0000,NULL,3,'Ton','2021-11-24','2021-11-24','65467','GFHGG','fjhgfjg',NULL,'9010418454','fjh','9010418454','2021-11-24 11:39:41','pending'),(41,NULL,NULL,'654',NULL,4,3,6,NULL,56.0000,NULL,4,'Ton','2021-11-24','2021-11-24','565','456','tghgf',NULL,'9010418454','gfjhgj','9010418454','2021-11-24 11:40:10','pending'),(42,NULL,NULL,'1233',NULL,15,1,1,NULL,34543.0000,NULL,3,'Ton','2021-11-24','2021-11-24','455','GHGH','gfhfggf',NULL,'3432545678','nhfn','3432545678','2021-11-24 13:29:41','approve'),(43,NULL,NULL,'454',NULL,15,1,1,NULL,456.0000,NULL,4,'Ton','2021-11-24','2021-11-24','34564','46765T','rhtyj',NULL,'3432545678','hjhgj','3432545678','2021-11-24 13:30:28','approve'),(44,NULL,NULL,'454',NULL,15,1,1,NULL,456.0000,NULL,4,'Ton','2021-11-24','2021-11-24','34564','46765T','rhtyj',NULL,'3432545678','hjhgj','3432545678','2021-11-24 13:30:36','approve'),(45,NULL,NULL,'456',NULL,15,1,1,NULL,657.0000,NULL,4,'Ton','2021-11-24','2021-11-24','4565','78767','6867',NULL,'3432545678','hkj','3432545678','2021-11-24 13:31:44','approve'),(46,NULL,NULL,'45654',NULL,15,1,1,NULL,567.0000,NULL,3,'Ton','2021-11-24','2021-11-24','4765756','78767','u76y',NULL,'3432545678','jujk','3432545678','2021-11-24 13:32:25','approve'),(47,NULL,NULL,'ghjgh',NULL,15,1,1,NULL,567.0000,NULL,4,'Litre','2021-11-24','2021-11-24','ghnghn','65756','65756',NULL,'3432545678','nghhjg','3432545678','2021-11-24 13:33:36','approve'),(48,NULL,NULL,'3456',NULL,15,1,1,NULL,675.0000,NULL,2,'Ton','2021-11-24','2021-11-24','56546','NGMJHG','jgj',NULL,'3432545678','gjmkjh','3432545678','2021-11-24 13:41:39','approve'),(49,NULL,NULL,'45243',NULL,15,1,1,NULL,78.0000,NULL,3,'Ton','2021-11-24','2021-11-24','hgjgm','JKJH,JH',',h,jjh',NULL,'3432545678',',kj,','3432545678','2021-11-24 13:46:07','approve'),(50,NULL,NULL,'64',NULL,15,1,1,NULL,897.0000,NULL,2,'Ton','2021-11-24','2021-11-24','787','5646','gnmjnm',NULL,'3432545678','fgjh','3432545678','2021-11-24 13:52:01','approve'),(51,NULL,NULL,'5345',NULL,4,3,6,NULL,5654.0000,NULL,4,'Ton','2021-11-25','2021-11-25','36545','GHJGJH','gjhgjh',NULL,'9010418454','jhgg','9010418454','2021-11-25 04:50:47','pending'),(52,NULL,NULL,'24535',NULL,4,3,6,NULL,3654.0000,NULL,2,'Ton','2021-11-25','2021-11-25','456','4756U','hgjhgjg',NULL,'9010418454','hjh','9010418454','2021-11-25 04:55:37','pending'),(53,NULL,NULL,'67547',NULL,4,3,6,NULL,8768.0000,NULL,4,'Ton','2021-11-25','2021-11-25','568','76876','67867',NULL,'9010418454','76876','9010418454','2021-11-25 04:58:26','pending'),(54,NULL,NULL,'6545',NULL,4,3,6,NULL,65765.0000,NULL,3,'Ton','2021-11-25','2021-11-25','465','6576','76676',NULL,'9010418454','867','9010418454','2021-11-25 05:03:02','pending'),(55,NULL,NULL,'54354',NULL,4,3,6,NULL,475.0000,NULL,3,'Ton','2021-11-25','2021-11-25','6546','6756','tuhytj',NULL,'9010418454','tjhg','9010418454','2021-11-25 05:08:59','pending'),(56,NULL,NULL,'5656',NULL,4,3,6,NULL,66.0000,NULL,3,'Ton','2021-11-25','2021-11-25','456456','6576','56756',NULL,'9010418454','ytjj','9010418454','2021-11-25 05:14:29','pending'),(57,NULL,NULL,'7567',NULL,4,3,6,NULL,76867.0000,NULL,2,'Ton','2021-11-25','2021-11-25','587','IJKMJHJ','hk,jhjh',NULL,'9010418454',',mhkj,','9010418454','2021-11-25 05:15:15','pending'),(58,NULL,NULL,'7567',NULL,4,3,6,NULL,76867.0000,NULL,2,'Ton','2021-11-25','2021-11-25','587','IJKMJHJ','hk,jhjh',NULL,'9010418454',',mhkj,','9010418454','2021-11-25 05:15:48','pending'),(59,NULL,NULL,'7567',NULL,4,3,6,NULL,76867.0000,NULL,2,'Ton','2021-11-25','2021-11-25','587','IJKMJHJ','hk,jhjh',NULL,'9010418454',',mhkj,','9010418454','2021-11-25 05:15:59','pending'),(60,NULL,NULL,'4677',NULL,4,3,6,NULL,76876.0000,NULL,3,'Ton','2021-11-25','2021-11-25','5675','76IUII','yukj',NULL,'9010418454','jk','9010418454','2021-11-25 05:18:26','pending'),(61,NULL,NULL,'654656',NULL,4,3,6,NULL,8987.0000,NULL,4,'Ton','2021-11-25','2021-11-25','756876','789878','796787',NULL,'9010418454','okjhk','9010418454','2021-11-25 05:19:41','pending'),(62,NULL,NULL,'6575',NULL,4,3,6,NULL,787.0000,NULL,3,'Ton','2021-11-25','2021-11-25','6765','UJGHJH','kjhkj',NULL,'9010418454','khjkjh','9010418454','2021-11-25 05:21:09','pending'),(63,NULL,NULL,'2514355',NULL,4,3,6,NULL,546456.0000,NULL,3,'Ton','2021-11-25','2021-11-25','3654','476765','756',NULL,'9010418454','65756','9010418454','2021-11-25 05:49:15','pending'),(64,NULL,NULL,'5466',NULL,4,3,6,NULL,576.0000,NULL,4,'Ton','2021-11-25','2021-11-25','75765','876','tyjhg',NULL,'9010418454','jkh','9010418454','2021-11-25 05:50:04','pending'),(65,NULL,NULL,'tyh',NULL,4,3,6,NULL,76876.0000,NULL,4,'Ton','2021-11-25','2021-11-25','fgjhgj','UIKHJ','khjj',NULL,'9010418454','kjh','9010418454','2022-02-08 09:24:00','approve'),(66,NULL,NULL,'67567',NULL,4,3,6,NULL,78.0000,NULL,4,'Ton','2021-11-25','2021-11-25','6876','UYJYJ','kmjhjh',NULL,'9010418454','kmjh,','9010418454','2022-02-08 05:35:31','approve'),(67,NULL,NULL,'54656',NULL,4,3,6,NULL,6768.0000,NULL,2,'Ton','2021-11-25','2021-11-25','757','YJHJKJ','kmjhjk',NULL,'9010418454','mjh','9010418454','2021-11-25 06:01:55','pending'),(68,NULL,NULL,'u6787',NULL,4,3,6,NULL,867.0000,NULL,2,'Ton','2021-11-25','2021-11-25','kyujkmj','HKJMHJ','kmjhj',NULL,'9010418454','hkmjh','9010418454','2021-11-25 06:09:13','pending'),(69,NULL,NULL,'t5465',NULL,4,3,6,NULL,7657.0000,NULL,2,'Ton','2021-11-25','2021-11-25','hghnh','JHJNHH','mjhnm',NULL,'9010418454','hjmjh','9010418454','2021-11-25 06:11:00','pending'),(70,NULL,NULL,'567567u',NULL,4,3,6,NULL,7879.0000,NULL,3,'Ton','2021-11-25','2021-11-25','67uuiuy','JHKHJ',',jk,jkj',NULL,'9010418454','h,kj,','9010418454','2021-11-25 06:11:42','pending'),(71,NULL,NULL,'767',NULL,4,3,6,NULL,867.0000,NULL,3,'Ton','2021-11-25','2021-11-25','576','6867IU','yjyuy',NULL,'9010418454','kyujk','9010418454','2021-11-25 06:13:39','pending'),(72,NULL,NULL,'45756',NULL,4,3,6,NULL,6867.0000,NULL,4,'Ton','2021-11-25','2021-11-25','7687','UIYUKK','jhkkj',NULL,'9010418454','kj','9010418454','2022-02-08 09:18:52','approve'),(73,NULL,NULL,'6756',NULL,4,3,6,NULL,7867.0000,NULL,3,'Litre','2021-11-25','2021-11-25','76867','7IUYJKHK','jhmkjkh,kj',NULL,'9010418454',',jk,jm,','9010418454','2021-11-25 06:15:25','pending'),(74,NULL,NULL,'4534',NULL,4,3,6,NULL,64.0000,NULL,3,'Ton','2021-11-25','2021-11-25','54646','6756','56765',NULL,'9010418454','6576u','9010418454','2021-11-25 06:16:32','pending'),(75,NULL,NULL,NULL,NULL,4,3,6,NULL,12.0000,NULL,3,'Ton','2021-11-25','2021-11-25','1234','GGHGHH','gggg',NULL,'9010418454','addd','9010418454','2021-11-25 06:22:13','pending'),(76,NULL,NULL,NULL,NULL,4,3,6,NULL,258.0000,NULL,3,'Ton','2021-11-25','2021-11-25','3244','GGHGHG','ghhhfghj',NULL,'9010418454','fghh','9010418454','2021-11-25 06:23:11','pending'),(77,NULL,NULL,NULL,NULL,4,1,1,NULL,124.0000,NULL,3,'Ton','2021-11-25','2021-11-25','ghhh','GGGG','hyf',NULL,'admin','afd','admin','2021-11-25 06:27:41','approve'),(78,NULL,NULL,NULL,NULL,4,NULL,NULL,NULL,555.0000,NULL,3,'Ton','2021-11-25','2021-11-25','fggh','FFHFHH','ghhh',NULL,'admin','ghhhy','admin','2022-02-08 09:43:40','approve'),(79,NULL,NULL,'ghgfg',NULL,4,3,6,NULL,87978.0000,NULL,3,'Ton','2021-11-25','2021-11-25','jhgjh','NMJHJ','mhjkjjh',NULL,'9010418454','kjh','9010418454','2021-11-25 06:36:12','pending'),(80,NULL,NULL,'46567',NULL,4,3,6,NULL,7776.0000,NULL,4,'Ton','2021-11-25','2021-11-25','657','KLUK','l,jkl',NULL,'9010418454','l,j','9010418454','2021-11-25 06:46:57','pending'),(81,NULL,NULL,'6757',NULL,4,3,6,NULL,867.0000,NULL,3,'Ton','2021-11-25','2021-11-25','78678','JHJ','hkjhj',NULL,'9010418454','hkmhj','9010418454','2021-11-25 06:48:01','pending'),(82,NULL,NULL,'66',NULL,4,3,6,NULL,657.0000,NULL,4,'Ton','2021-11-25','2021-11-25','7','JHJHJ','ghmj',NULL,'9010418454','jhmkjh','9010418454','2021-11-25 06:49:56','pending'),(83,NULL,NULL,'56577',NULL,4,3,6,NULL,867.0000,NULL,4,'Litre','2021-11-25','2021-11-25','6576','67867','768567',NULL,'9010418454','uuky','9010418454','2021-11-25 06:52:01','pending'),(84,NULL,NULL,'567',NULL,4,3,6,NULL,678.0000,NULL,4,'Ton','2021-11-25','2021-11-25','yujyjk','789687','65kj',NULL,'9010418454','mghjh,','9010418454','2021-11-25 06:52:44','pending'),(85,NULL,NULL,'5645',NULL,4,3,6,NULL,5676.0000,NULL,3,'Ton','2021-11-25','2021-11-25','45675','YJUYJ','gh',NULL,'9010418454','jh','9010418454','2021-11-25 06:53:47','pending'),(86,NULL,NULL,'657',NULL,4,3,6,NULL,7879.0000,NULL,3,'Ton','2021-11-25','2021-11-25','87678','78987','87987yu',NULL,'9010418454','kj','9010418454','2021-11-25 06:56:19','pending'),(87,NULL,NULL,'ty6y',NULL,4,3,6,NULL,76846.0000,NULL,2,'Ton','2021-11-25','2021-11-25','ytjhg','HJGHMJ','juyjy',NULL,'9010418454','juj','9010418454','2021-11-25 06:59:03','pending'),(88,NULL,NULL,'5464',NULL,4,3,6,NULL,768.0000,NULL,3,'Ton','2021-11-25','2021-11-25','567567j','JYKMHJ','jkhmkj',NULL,'9010418454','hmjhm','9010418454','2021-11-25 06:59:49','pending'),(89,NULL,NULL,'765756',NULL,4,3,6,NULL,7876.0000,NULL,3,'Ton','2021-11-25','2021-11-25','76utyhj','JHJJ','hmkjhj',NULL,'9010418454','khm','9010418454','2021-11-25 07:06:14','pending'),(90,NULL,NULL,'56546',NULL,4,3,6,NULL,7867.0000,NULL,2,'Ton','2021-11-25','2021-11-25','756','7I6UIUJH','jhkmjhh',NULL,'9010418454','mjhmkjh','9010418454','2021-11-25 07:08:38','pending'),(91,NULL,NULL,'jhytjh',NULL,4,3,6,NULL,7687.0000,NULL,3,'Ton','2021-11-25','2021-11-25','jhgmj','HGMJMKJJ','hkjmjhj',NULL,'9010418454','uykm','9010418454','2021-11-25 07:10:50','pending'),(92,NULL,NULL,'2543',NULL,4,3,6,NULL,6765.0000,NULL,4,'Ton','2021-11-25','2021-11-25','5467','UYJUYJ','hjhy',NULL,'9010418454','ju','9010418454','2021-11-25 07:47:59','pending'),(93,NULL,NULL,'34534',NULL,4,3,6,NULL,645.0000,NULL,3,'Ton','2021-11-25','2021-11-25','fghhbg','57657','nhmhh',NULL,'9010418454','njhtjt','9010418454','2021-11-25 07:48:57','pending'),(94,NULL,NULL,'yjtyjh',NULL,4,3,6,NULL,765.0000,NULL,4,'Ton','2021-11-25','2021-11-25','ryhty','U6587Y','jhkjhj',NULL,'9010418454','hkjk','9010418454','2021-11-25 07:49:24','pending'),(95,NULL,NULL,'677',NULL,4,3,6,NULL,546.0000,NULL,2,'Ton','2021-11-25','2021-11-25','65756','GMJMH','jmgkjhgh',NULL,'9010418454','jmhmhj','9010418454','2021-11-25 08:45:04','pending'),(96,NULL,NULL,'5674',NULL,4,3,6,NULL,786.0000,NULL,3,'Ton','2021-11-25','2021-11-25','8768','HJKKJHKG','jkj,uk',NULL,'9010418454','yujki','9010418454','2021-11-25 10:51:42','pending'),(97,NULL,NULL,'kkju',NULL,4,3,6,NULL,87.0000,NULL,4,'Litre','2021-11-25','2021-11-25','kjk','KJK','iukiuu',NULL,'9010418454','ykk','9010418454','2021-11-25 10:52:13','pending'),(98,NULL,NULL,'iukjui',NULL,4,3,6,NULL,897.0000,NULL,3,'Ton','2021-11-25','2021-11-25','kj,','9877','kj,lhki',NULL,'9010418454','lul','9010418454','2021-11-25 10:52:43','pending'),(99,NULL,NULL,'4325',NULL,4,2,2,NULL,657.0000,NULL,3,'Ton','2021-11-25','2021-11-25','fgbfb','HGMJHNG','fnghjmgh',NULL,'9010418454','kjkj,j,k','9010418454','2022-02-05 15:26:09','approve'),(100,NULL,NULL,'5789',NULL,4,2,2,NULL,787878.0000,NULL,4,'Ton','2021-11-25','2021-11-25','ikjk','HMKJHJK','jhkj',NULL,'9010418454','jhkhjk','9010418454','2022-02-05 15:26:09','approve'),(101,NULL,NULL,'768767',NULL,4,3,6,NULL,87987.0000,NULL,4,'Ton','2021-11-25','2021-11-25','86787777','JKMJHK','jkjhk',NULL,'9010418454','jkyuj','9010418454','2021-11-25 11:18:44','pending'),(102,NULL,NULL,'64576',NULL,4,3,6,NULL,676.0000,NULL,2,'Ton','2021-11-25','2021-11-25','6765','JHMHMJ','mkhjmj',NULL,'9010418454','kmhjm','9010418454','2021-11-25 11:41:47','pending'),(103,NULL,NULL,'jyjh',NULL,4,3,6,NULL,766678.0000,NULL,3,'Ton','2021-11-25','2021-11-25','yjyu','JHMHJJKJH','mkkj,kjk',NULL,'9010418454','jkm,u,','9010418454','2021-11-25 12:06:37','pending'),(104,NULL,NULL,'ytuuj',NULL,4,3,6,NULL,678.0000,NULL,4,'Ton','2021-11-25','2021-11-25','hgjm','JMKJHKJ','hkhj,j',NULL,'9010418454','h,hj','9010418454','2021-11-25 12:08:58','pending'),(105,NULL,NULL,'ghytnhn',NULL,4,3,6,NULL,76.0000,NULL,4,'Ton','2021-11-25','2021-11-25','ghnhghn','76UYJJ','hgjmuj',NULL,'9010418454','mjkm','9010418454','2021-11-25 12:14:18','pending'),(106,NULL,NULL,'5677',NULL,4,3,6,NULL,67857.0000,NULL,3,'Ton','2021-11-25','2021-11-25','657y','JHMJHJ','mjhmujk',NULL,'9010418454','hm,','9010418454','2021-11-25 12:17:42','pending'),(107,NULL,NULL,'gty65th',NULL,4,3,6,NULL,876.0000,NULL,3,'Ton','2021-11-25','2021-11-25','hgjnh','MNGMJHM','nmhjjm',NULL,'9010418454','jhm ','9010418454','2021-11-25 12:18:35','pending'),(108,NULL,NULL,'gtrhbgfg',NULL,4,3,6,NULL,76876.0000,NULL,4,'Ton','2021-11-25','2021-11-25','ngdhjnhggh','76U6789I','hjmhmhg',NULL,'9010418454','jnmjh','9010418454','2021-11-25 12:21:27','pending'),(109,NULL,NULL,'6546',NULL,4,3,6,NULL,5676.0000,NULL,4,'Ton','2021-11-25','2021-11-25','65y5tyh','HJNJ','mhjmj',NULL,'9010418454','nhjm','9010418454','2021-11-25 12:50:00','pending'),(110,NULL,NULL,'y6tuygh',NULL,4,3,6,NULL,6768.0000,NULL,3,'Ton','2021-11-25','2021-11-25','gnhgn','MNB MM','hn ,hjmh',NULL,'9010418454','mjhmjmj','9010418454','2021-11-25 12:51:43','pending'),(111,NULL,NULL,'y6575u',NULL,4,3,6,NULL,657.0000,NULL,4,'Ton','2021-11-25','2021-11-25','hgfjnhgmhn','HNMJGMJHH','gmjhmh',NULL,'9010418454','mjhm','9010418454','2021-11-25 12:53:04','pending'),(112,NULL,NULL,'64756',NULL,4,3,6,NULL,7867.0000,NULL,3,'Ton','2021-11-25','2021-11-25','ghnbn','JMJH,J',',mjkm,j',NULL,'9010418454',',mkmj, ','9010418454','2021-11-25 12:55:06','pending'),(113,NULL,NULL,'5664',NULL,4,3,6,NULL,5587.0000,NULL,3,'Ton','2021-11-25','2021-11-25','35yh','HJNHGHG','nghmgh',NULL,'9010418454','mnjhn','9010418454','2021-11-25 13:23:01','pending'),(114,NULL,NULL,'1123',NULL,4,3,6,NULL,565.0000,NULL,4,'Ton','2021-11-25','2021-11-25','4546','GNGB','nhgnhnghnmh',NULL,'9010418454','hngh','9010418454','2021-11-25 13:33:02','pending'),(115,NULL,NULL,'3244',NULL,4,3,6,NULL,546.0000,NULL,3,'Ton','2021-11-25','2021-11-25','ghgbn','BNBN','nbn',NULL,'9010418454','hgngh','9010418454','2021-11-25 13:48:49','pending'),(116,NULL,NULL,'65',NULL,4,3,6,NULL,565.0000,NULL,4,'Ton','2021-11-25','2021-11-25','ghngn','HGJNHJ','hmjhmjj',NULL,'9010418454','hmj','9010418454','2021-11-25 13:50:39','pending'),(117,NULL,NULL,'ytrhyh',NULL,4,3,6,NULL,6546.0000,NULL,4,'Ton','2021-11-25','2021-11-25','gfhh','HGNHGG','hgjngjhhj',NULL,'9010418454','nhgjg','9010418454','2021-11-25 13:51:07','pending'),(118,NULL,NULL,'1234',NULL,4,3,6,NULL,6757.0000,NULL,2,'Ton','2021-11-25','2021-11-25','65546','HJHGHJ','ghjhmkjhj',NULL,'9010418454','hgmjhm','9010418454','2021-11-25 14:00:31','pending'),(119,NULL,NULL,'54',NULL,4,3,6,NULL,65.0000,NULL,4,'Ton','2021-11-25','2021-11-25','556','HGHJG','hngnjghhn',NULL,'9010418454','hnmh','9010418454','2021-11-25 14:01:20','pending'),(120,NULL,NULL,'gnbfgn',NULL,4,3,6,NULL,56.0000,NULL,3,'Ton','2021-11-25','2021-11-25','gbng','HGNG','hgnh',NULL,'9010418454','nghmh','9010418454','2021-11-25 14:01:51','pending'),(121,NULL,NULL,'12345',NULL,18,1,1,NULL,2563.0000,NULL,2,'Ton','2021-11-25','2021-11-25','12345','TTSTS 1234','Hyderabad ','http://143.110.241.155:8100/uploads/5494511637849396301.jpeg','1234523652','added','1234523652','2022-02-07 06:50:44','approve'),(122,NULL,NULL,'gh113',NULL,8,3,5,NULL,20.0000,NULL,3,'Litre','2021-11-25','2021-11-25','gh 34','TSTS 324','Vizag','http://143.110.241.155:8100/uploads/6341691637852210025.jpeg','7013406701','test','7013406701','2022-02-07 06:50:44','pending'),(123,NULL,NULL,'245',NULL,4,1,1,NULL,56.0000,NULL,4,'Ton','2021-11-26','2021-11-26','ghmgn','HKJHG','jgkmhjky',NULL,'9010418454','hjhkm','9010418454','2021-11-26 05:55:17','approve'),(124,NULL,NULL,'6757',NULL,4,1,1,NULL,786.0000,NULL,3,'Ton','2021-11-26','2021-11-26','hgjmkjhh','876','kjkmjh',NULL,'9010418454','hjhgj','9010418454','2021-11-26 05:55:57','approve'),(125,NULL,NULL,'36546',NULL,4,1,1,NULL,67.0000,NULL,2,'Ton','2021-11-26','2021-11-26','hgjhg','HGMJK','hjgkmg',NULL,'9010418454','jghkhujk','9010418454','2021-11-26 05:56:39','approve'),(126,NULL,NULL,'12345',NULL,4,1,1,NULL,1234.0000,NULL,2,'Ton','2021-11-26','2021-11-26','12345','TS 12345','Hyderabad ',NULL,'9010418454','materials ','9010418454','2021-11-26 06:06:13','approve'),(127,NULL,NULL,'1234',NULL,19,2,3,NULL,6885.0000,NULL,1,'Ton','2021-11-26','2021-11-26','52333','238635','Ugfcgy','http://143.110.241.155:8100/uploads/7761701637907056363.jpeg','9949196343','Received ','9949196343','2022-02-07 06:50:44','approve'),(128,NULL,NULL,'2358',NULL,19,2,3,NULL,856.0000,NULL,2,'Ton','2021-11-26','2021-11-26','628','6010','Madhapur ','http://143.110.241.155:8100/uploads/6236571637907236255.jpeg','9949196343','Received ','9949196343','2022-02-07 06:50:44','approve'),(129,NULL,NULL,'2563',NULL,19,2,3,NULL,8563.0000,NULL,3,'Ton','2021-11-26','2021-11-26','2255','558','Hyd','http://143.110.241.155:8100/uploads/4513091637907330942.jpeg','9949196343','Received ','9949196343','2022-02-07 06:50:44','approve'),(130,NULL,NULL,'i785987',NULL,4,1,1,NULL,768.0000,NULL,4,'Ton','2021-11-26','2021-11-26','kjhkjh','JKJH','jkhjj',NULL,'9010418454','kjk','9010418454','2021-11-26 06:19:28','approve'),(131,NULL,NULL,'1234',NULL,4,1,1,NULL,676.0000,NULL,3,'Ton','2021-11-26','2021-11-26','54657','YJHJYT','jtjyjthj',NULL,'9010418454','yjutj','9010418454','2021-11-26 06:20:08','approve'),(132,NULL,NULL,'8565',NULL,19,2,3,NULL,258.0000,NULL,3,'Ton','2021-11-26','2021-11-26','85586','8358','All','http://143.110.241.155:8100/uploads/1788771637907851182.jpeg','9949196343','Ok','9949196343','2022-02-07 06:50:44','approve'),(133,NULL,NULL,'568',NULL,19,2,3,NULL,58.0000,NULL,1,'Ton','2021-11-26','2021-11-26','5688','6577','R',NULL,'9949196343','','9949196343','2022-02-05 15:26:09','approve'),(134,NULL,NULL,'3557',NULL,19,3,5,NULL,256.0000,NULL,3,'Ton','2021-11-26','2021-11-26','3588','538','828',NULL,'9949196343','','9949196343','2021-11-26 06:27:09','pending'),(135,NULL,NULL,'Jaj',NULL,19,3,5,NULL,64.0000,NULL,3,'Ton','2021-11-26','2021-11-26','Vaha','566','Hshs',NULL,'9949196343','','9949196343','2021-11-26 06:30:44','pending'),(136,NULL,NULL,'1246',NULL,4,3,6,NULL,2345.0000,NULL,3,'Ton','2021-11-26','2021-11-26','1346','1246','56325',NULL,'9010418454','hydera','9010418454','2021-11-26 06:31:11','pending'),(137,NULL,NULL,'546',NULL,4,3,6,NULL,657.0000,NULL,4,'Ton','2021-11-26','2021-11-26','hgnh','HJNHG','hjhgh',NULL,'9010418454','jghmj','9010418454','2021-11-26 06:32:14','pending'),(138,NULL,NULL,'543',NULL,4,3,6,NULL,564.0000,NULL,4,'Ton','2021-11-26','2021-11-26','54','HGFH','gnh',NULL,'9010418454','ngh','9010418454','2021-11-26 07:20:37','pending'),(139,NULL,NULL,'523',NULL,4,3,6,NULL,654.0000,NULL,4,'Ton','2021-11-26','2021-11-26','3454','T54645','654645',NULL,'9010418454','tyth','9010418454','2021-11-26 07:21:42','pending'),(140,NULL,NULL,'35',NULL,4,3,6,NULL,654.0000,NULL,3,'Ton','2021-11-26','2021-11-26','56546','5Y6H','gfh',NULL,'9010418454','gfnh','9010418454','2021-11-26 07:22:14','pending'),(141,NULL,NULL,'534',NULL,4,3,6,NULL,546.0000,NULL,3,'Ton','2021-11-26','2021-11-26','564','64736','yrtghgf',NULL,'9010418454','djh','9010418454','2021-11-26 07:23:45','pending'),(142,NULL,NULL,'534',NULL,4,3,6,NULL,546.0000,NULL,3,'Ton','2021-11-26','2021-11-26','564','64736','yrtghgf',NULL,'9010418454','djh','9010418454','2021-11-26 07:24:05','pending'),(143,NULL,NULL,'53465',NULL,4,3,6,NULL,4456.0000,NULL,4,'Ton','2021-11-26','2021-11-26','5645','BNHHG','nhnghh',NULL,'9010418454','jnhfg','9010418454','2021-11-26 07:26:06','pending'),(144,NULL,NULL,'35255',NULL,4,3,6,NULL,654.0000,NULL,2,'Ton','2021-11-26','2021-11-26','645','464554','y56y56',NULL,'9010418454','ghg','9010418454','2021-11-26 07:27:15','pending'),(145,NULL,NULL,'564',NULL,4,3,6,NULL,657.0000,NULL,3,'Ton','2021-11-26','2021-11-26','6765','67656','76756',NULL,'9010418454','76576','9010418454','2021-11-26 07:28:03','pending'),(146,NULL,NULL,'1225',NULL,4,3,6,NULL,1234.0000,NULL,3,'Ton','2021-11-26','2021-11-26','1346','DDFDFFDFFF','fhjh','http://143.110.241.155:8100/uploads/2461271637911865836.jpeg','9010418454','fhhh','9010418454','2022-02-07 06:50:44','pending'),(147,NULL,NULL,'5456',NULL,4,3,6,NULL,64.0000,NULL,4,'Ton','2021-11-26','2021-11-26','6456','GHNHG','gfnghmh',NULL,'9010418454','jnhgn','9010418454','2021-11-26 07:45:40','pending'),(148,NULL,NULL,'67866',NULL,4,3,6,NULL,7857567.0000,NULL,4,'Ton','2021-11-26','2021-11-26','7857','5898','756',NULL,'9010418454','78568','9010418454','2021-11-26 07:47:33','pending'),(149,NULL,NULL,'2343',NULL,4,3,6,NULL,5345.0000,NULL,2,'Ton','2021-11-26','2021-11-26','3435','4545','4645654',NULL,'9010418454','6456','9010418454','2021-11-26 07:54:34','pending'),(150,NULL,NULL,'354',NULL,4,3,6,NULL,676.0000,NULL,4,'Ton','2021-11-26','2021-11-26','54654','5747','ujhjhg',NULL,'9010418454','ghnghm','9010418454','2021-11-26 07:55:47','pending'),(151,NULL,NULL,'5435',NULL,4,3,6,NULL,6354.0000,NULL,4,'Ton','2021-11-26','2021-11-26','65','45636','575',NULL,'9010418454','65745','9010418454','2021-11-26 07:57:44','pending'),(152,NULL,NULL,'32545',NULL,4,3,6,NULL,65.0000,NULL,3,'Ton','2021-11-26','2021-11-26','6456','67656','476556',NULL,'9010418454','7y465','9010418454','2021-11-26 07:59:56','pending'),(153,NULL,NULL,'53456',NULL,4,3,6,NULL,56.0000,NULL,4,'Ton','2021-11-26','2021-11-26','356546','4756756','y5467u5',NULL,'9010418454','ty6u','9010418454','2021-11-26 08:01:54','pending'),(154,NULL,NULL,'3236',NULL,4,3,6,NULL,467.0000,NULL,4,'Ton','2021-11-26','2021-11-26','gfhbnfgn','GHG','hjgy',NULL,'9010418454','jyth','9010418454','2021-11-26 08:03:09','pending'),(155,NULL,NULL,'7657',NULL,4,3,6,NULL,786.0000,NULL,4,'Ton','2021-11-26','2021-11-26','5676','687676','8576i67',NULL,'9010418454','uyj','9010418454','2021-11-26 08:04:22','pending'),(156,NULL,NULL,'6232',NULL,4,3,6,NULL,65.0000,NULL,4,'Ton','2021-11-26','2021-11-26','5654y','756H','njhgnm',NULL,'9010418454','ghmj','9010418454','2021-11-26 08:05:21','pending'),(157,NULL,NULL,'gjkyujt',NULL,4,3,6,NULL,87978.0000,NULL,4,'Ton','2021-11-26','2021-11-26','yuy','UI6785IU','kjhm,jh',NULL,'9010418454','mj,uk','9010418454','2021-11-26 08:05:47','pending'),(158,NULL,NULL,'567',NULL,4,3,6,NULL,7686.0000,NULL,2,'Ton','2021-11-26','2021-11-26','7867','MH,HK,','kikuiyu',NULL,'9010418454','iyukuiuiuiuiuiuiuiuiuiuiuiuiuiuiuiuiuiuiuiuiuiuiuiuiuiuiuiui','9010418454','2021-11-26 08:40:14','pending'),(159,NULL,NULL,'3453',NULL,4,3,6,NULL,64.0000,NULL,2,'Ton','2021-11-26','2021-11-26','6456','6574655','6756htyhjty',NULL,'9010418454','yhtyj','9010418454','2021-11-26 08:49:08','pending'),(160,NULL,NULL,'5657',NULL,4,3,6,NULL,675.0000,NULL,3,'Ton','2021-11-26','2021-11-26','6756','676756','7686hjytjj',NULL,'9010418454','hgjhm','9010418454','2021-11-26 08:49:39','pending'),(161,NULL,NULL,'765',NULL,4,3,6,NULL,567.0000,NULL,3,'Ton','2021-11-26','2021-11-26','hjnj','7668','yhjyhjn',NULL,'9010418454','yuhytj','9010418454','2021-11-26 08:50:36','pending'),(162,NULL,NULL,'6u7u',NULL,4,3,6,NULL,678.0000,NULL,3,'Ton','2021-11-26','2021-11-26','u67yuj','MJHHG','nghnmhg',NULL,'9010418454','njhgmn','9010418454','2021-11-26 08:50:58','pending'),(163,NULL,NULL,'3424',NULL,4,3,6,NULL,4654.0000,NULL,4,'Ton','2021-11-26','2021-11-26','43534','464554','64554',NULL,'9010418454','6565','9010418454','2021-11-26 08:53:07','pending'),(164,NULL,NULL,'12345',NULL,4,3,6,NULL,564.0000,NULL,3,'Ton','2021-11-26','2021-11-26','3656','6574','57656',NULL,'9010418454','5756','9010418454','2021-11-26 08:58:08','pending'),(165,NULL,NULL,'7890',NULL,4,3,6,NULL,9089.0000,NULL,3,'Ton','2021-11-26','2021-11-26','657','HJYGHJRT','hyrtyy',NULL,'9010418454','huytjt','9010418454','2021-11-26 09:03:07','pending'),(166,NULL,NULL,'3454',NULL,4,3,6,NULL,675.0000,NULL,3,'Ton','2021-11-26','2021-11-26','6457','7567','yhyhjy',NULL,'9010418454','tjutj','9010418454','2021-11-26 09:07:57','pending'),(167,NULL,NULL,'546',NULL,4,3,6,NULL,5675.0000,NULL,3,'Ton','2021-11-26','2021-11-26','y46765h','787','jmkhjkmj',NULL,'9010418454','mkhjm,','9010418454','2021-11-26 09:09:27','pending'),(168,NULL,NULL,'5675',NULL,4,3,6,NULL,686.0000,NULL,3,'Ton','2021-11-26','2021-11-26','8678','686776','87i7j',NULL,'9010418454','kjhk','9010418454','2021-11-26 09:11:06','pending'),(169,NULL,NULL,'765765',NULL,4,3,6,NULL,867.0000,NULL,4,'Ton','2021-11-26','2021-11-26','yujhg','JHMHJHJ','kmjh,',NULL,'9010418454','hmjhm','9010418454','2021-11-26 09:12:54','pending'),(170,NULL,NULL,'fg58',NULL,11,3,4,NULL,639.0000,NULL,3,'Ton','2021-11-26','2021-11-26','8759','GJU76','hyd','http://143.110.241.155:8100/uploads/1125241637918048671.jpeg','9876543210','hyd','9876543210','2022-02-07 06:50:44','pending'),(171,NULL,NULL,'3465',NULL,4,3,6,NULL,65756.0000,NULL,3,'Ton','2021-11-26','2021-11-26','565','567','76uyy',NULL,'9010418454','ujhgj','9010418454','2021-11-26 09:14:18','pending'),(172,NULL,NULL,'786867',NULL,4,3,6,NULL,8.0000,NULL,3,'Ton','2021-11-26','2021-11-26','6867','UJHG','hgnhgnmh',NULL,'9010418454','mhjmh','9010418454','2021-11-26 09:14:56','pending'),(173,NULL,NULL,'y5uuy',NULL,4,3,6,NULL,75.0000,NULL,4,'Ton','2021-11-26','2021-11-26','ththj','UGHJGHG','njghh',NULL,'9010418454','njhn','9010418454','2021-11-26 09:16:25','pending'),(174,NULL,NULL,'4353',NULL,4,3,6,NULL,645.0000,NULL,2,'Ton','2021-11-26','2021-11-26','454','64','ghbgg',NULL,'9010418454','nghngh','9010418454','2021-11-26 09:21:13','pending'),(175,NULL,NULL,'76878',NULL,4,3,6,NULL,678.0000,NULL,4,'Ton','2021-11-26','2021-11-26','678','86787','jhmhjjh',NULL,'9010418454','mjhm','9010418454','2021-11-26 09:22:42','pending'),(176,NULL,NULL,'8698',NULL,4,3,6,NULL,988797.0000,NULL,4,'Ton','2021-11-26','2021-11-26','i9786','JMHJJH','hmj',NULL,'9010418454','hm','9010418454','2021-11-26 09:23:47','pending'),(177,NULL,NULL,'6786867',NULL,4,3,6,NULL,876.0000,NULL,3,'Ton','2021-11-26','2021-11-26','87','7867','jhy',NULL,'9010418454','juy','9010418454','2021-11-26 09:25:00','pending'),(178,NULL,NULL,'4665',NULL,4,3,6,NULL,5756.0000,NULL,3,'Ton','2021-11-26','2021-11-26','756','765877','678',NULL,'9010418454','uytj','9010418454','2021-11-26 09:25:51','pending'),(179,NULL,NULL,'DF483',NULL,11,3,4,NULL,564.0000,NULL,2,'Ton','2021-11-26','2021-11-26','IV680','TS 09 GH 5834','Hyderabad','http://143.110.241.155:8100/uploads/6025661637919566670.jpeg','9876543210','hyd','9876543210','2022-02-07 06:50:44','pending'),(180,NULL,NULL,'354645',NULL,4,3,6,NULL,657.0000,NULL,3,'Ton','2021-11-26','2021-11-26','64564','7899','hgj',NULL,'9010418454','yujyt','9010418454','2021-11-26 10:21:12','pending'),(181,NULL,NULL,'645ytg',NULL,4,3,6,NULL,656.0000,NULL,3,'Ton','2021-11-26','2021-11-26','hbfgn','NHGMNH','jghnmy',NULL,'9010418454','hghjn','9010418454','2021-11-26 10:23:09','pending'),(182,NULL,NULL,'654y6756',NULL,4,3,6,NULL,46.0000,NULL,4,'Ton','2021-11-26','2021-11-26','ghfn','BNGBN','gfnbfbn',NULL,'9010418454','fghnh','9010418454','2021-11-26 11:06:28','pending'),(183,NULL,NULL,'654y6756',NULL,4,3,6,NULL,46.0000,NULL,4,'Ton','2021-11-26','2021-11-26','ghfn','BNGBN','gfnbfbn',NULL,'9010418454','fghnh','9010418454','2021-11-26 11:09:10','pending'),(184,NULL,NULL,'1314',NULL,4,3,6,NULL,65.0000,NULL,3,'Ton','2021-11-26','2021-11-26','4gfd','NHBN ','hnghn',NULL,'9010418454','hnghn ','9010418454','2021-11-26 11:28:00','pending'),(185,NULL,NULL,'1232',NULL,4,3,6,NULL,453.0000,NULL,4,'Ton','2021-11-26','2021-11-26','435','GFBG','bfgnbg',NULL,'9010418454','bfg','9010418454','2021-11-26 11:28:51','pending'),(186,NULL,NULL,'65454',NULL,4,3,6,NULL,564.0000,NULL,4,'Ton','2021-11-26','2021-11-26','gtgbh','54634','bfgb ngf',NULL,'9010418454','nbhgn ','9010418454','2021-11-26 11:31:48','pending'),(187,NULL,NULL,'5345434',NULL,4,3,6,NULL,564.0000,NULL,4,'Ton','2021-11-26','2021-11-26','56','6T45G','tfgbgfgf',NULL,'9010418454','bfgb','9010418454','2021-11-26 11:33:23','pending'),(188,NULL,NULL,'345',NULL,4,3,6,NULL,546.0000,NULL,4,'Ton','2021-11-26','2021-11-26','3t54t','63455T','grgbgg',NULL,'9010418454','bfg','9010418454','2021-11-26 11:35:08','pending'),(189,NULL,NULL,'35654t',NULL,4,3,6,NULL,45.0000,NULL,2,'Ton','2021-11-26','2021-11-26','fgb','43534G','hbgb',NULL,'9010418454','egfb','9010418454','2021-11-26 11:36:05','pending'),(190,NULL,NULL,'345454645',NULL,4,3,6,NULL,66.0000,NULL,4,'Ton','2021-11-26','2021-11-26','65756765y','THYH','gnjjyth',NULL,'9010418454','tyjn','9010418454','2021-11-26 11:56:33','pending'),(191,NULL,NULL,'4576654',NULL,4,3,6,NULL,53645.0000,NULL,3,'Ton','2021-11-26','2021-11-26','ygrtghbng','GBG','b',NULL,'9010418454','','9010418454','2021-11-26 11:57:10','pending'),(192,NULL,NULL,'564356',NULL,4,3,6,NULL,756.0000,NULL,4,'Ton','2021-11-26','2021-11-26','6756','HFH','jnghjmj',NULL,'9010418454','nyn','9010418454','2021-11-26 11:57:58','pending'),(193,NULL,NULL,'4353434',NULL,4,3,6,NULL,5645.0000,NULL,4,'Ton','2021-11-26','2021-11-26','5t46t45','YT5HR','hgbht',NULL,'9010418454','rgbhrg','9010418454','2021-11-26 11:59:02','pending'),(194,NULL,NULL,'4532',NULL,4,3,6,NULL,645.0000,NULL,3,'Ton','2021-11-26','2021-11-26','5656','4645','545',NULL,'9010418454','t45y','9010418454','2021-11-26 12:00:45','pending'),(195,NULL,NULL,'rgfg',NULL,4,3,6,NULL,656.0000,NULL,3,'Ton','2021-11-26','2021-11-26','dfb','5RTGG','bhgfb',NULL,'9010418454','ghbfgb','9010418454','2021-11-26 12:01:52','pending'),(196,NULL,NULL,'rhtyeht',NULL,4,3,6,NULL,5645.0000,NULL,3,'Ton','2021-11-26','2021-11-26','ghrtghb','65375','6756756',NULL,'9010418454','y46y','9010418454','2021-11-26 12:16:16','pending'),(197,NULL,NULL,'weerf',NULL,4,3,6,NULL,453.0000,NULL,3,'Ton','2021-11-26','2021-11-26','sdfsdfgv','ETRG','gfg',NULL,'9010418454','rthb','9010418454','2021-11-26 12:17:52','pending'),(198,NULL,NULL,'12345',NULL,4,2,2,NULL,12345.0000,NULL,2,'Ton','2021-11-26','2021-11-26','12345','GGSGSGDGGSGSGDGD','dbdhdh','http://143.110.241.155:8100/uploads/8854581637930448740.jpeg','9010418454','shgsgs','9010418454','2022-02-07 06:50:44','approve'),(199,NULL,NULL,'6546',NULL,4,3,6,NULL,7665.0000,NULL,3,'Ton','2021-11-29','2021-11-29','7567','JHGJMJ','hmhjuy',NULL,'9010418454','jyjh','9010418454','2021-11-29 05:22:12','pending'),(200,NULL,NULL,'678',NULL,4,3,6,NULL,89.0000,NULL,4,'Ton','2021-11-29','2021-11-29','68987','6797I','uyik',NULL,'9010418454','','9010418454','2021-11-29 05:22:53','pending'),(201,NULL,NULL,'89778uijhkj',NULL,4,3,6,NULL,987.0000,NULL,3,'Ton','2021-11-29','2021-11-29',',m,jhm,k','78987','jkhghh',NULL,'9010418454','gkm,','9010418454','2021-11-29 05:23:24','pending'),(202,NULL,NULL,'4352344',NULL,4,3,6,NULL,564.0000,NULL,3,'Ton','2021-12-01','2021-12-01','3546','GRHRTH','rgrht',NULL,'9010418454','rhtyj','9010418454','2021-12-01 05:32:22','pending'),(205,75,NULL,'12345',NULL,24,4,13,NULL,24.2600,NULL,1,'Ton','2021-12-01','2021-12-01','5697','TS02UB1645','29.900','http://143.110.241.155:8100/uploads/8347841638530834216.jpeg','7981860160','for lining ','7981860160','2022-03-07 09:36:42','approve'),(206,72,NULL,'12345',NULL,24,4,13,NULL,29.4400,NULL,1,'Ton','2021-12-01','2021-12-01','5715','TTS22T3168','29.900','http://143.110.241.155:8100/uploads/1940651638530951275.jpeg','7981860160','for lining ','7981860160','2022-03-07 09:36:54','approve'),(207,78,NULL,'289',NULL,24,4,13,NULL,26.0000,NULL,1,'Ton','2021-12-01','2021-11-28','scmp21044422','AP24TA6819','29.900','http://143.110.241.155:8100/uploads/4949321638531260422.jpeg','7981860160','for lining ','7981860160','2022-03-07 09:43:59','decline'),(208,72,NULL,'12345',NULL,24,4,13,NULL,32.7700,NULL,1,'Ton','2021-12-02','2021-12-02','5769','TS22T2555','29.900','http://143.110.241.155:8100/uploads/5902661638531475646.jpeg','7981860160','for lining ','7981860160','2022-02-07 06:50:44','pending'),(209,74,NULL,'12345',NULL,24,4,13,NULL,29.4500,NULL,1,'Ton','2021-12-02','2021-12-02','5765','TS02UB1645','29.900','http://143.110.241.155:8100/uploads/2896941638531599580.jpeg','7981860160','for lining ','7981860160','2022-03-07 05:13:03','approve'),(210,74,NULL,'12345',NULL,24,4,13,NULL,29.9800,NULL,1,'Ton','2021-12-03','2021-12-03','5906','TS22T2889','29.900','http://143.110.241.155:8100/uploads/7096061638531712486.jpeg','7981860160','for lining ','7981860160','2022-02-07 06:50:44','pending'),(211,72,NULL,'12345',NULL,24,4,13,NULL,31.4600,NULL,1,'Ton','2021-12-03','2021-12-03','5909','TS22T3788','29.900','http://143.110.241.155:8100/uploads/4226051638531838838.jpeg','7981860160','for lining ','7981860160','2022-02-07 06:50:44','pending'),(212,66,NULL,'45',NULL,27,2,2,NULL,54.0000,NULL,3,'Ton','2021-12-03','2021-12-03','123456','TS 1234','hyderbad',NULL,'3451237890','added','3451237890','2022-02-05 15:26:09','approve'),(213,73,NULL,'3456',NULL,27,2,2,NULL,56.0000,NULL,3,'Ton','2021-12-03','2021-12-03','5654','546','5464',NULL,'3451237890','ghf','3451237890','2022-02-05 15:26:09','approve'),(214,74,NULL,'43',NULL,4,2,2,NULL,43.0000,NULL,4,'Ton','2021-12-04','2021-12-04','3453','3534','454354',NULL,'9010418454','35345','9010418454','2022-02-05 15:26:09','approve'),(215,74,NULL,'234',NULL,4,2,2,NULL,34253.0000,NULL,3,'Ton','2021-12-04','2021-12-04','43','BFGBFG','hbdfgg',NULL,'9010418454','hbfgn','9010418454','2022-02-05 15:26:09','approve'),(216,78,NULL,'35',NULL,4,2,2,NULL,55.0000,NULL,3,'Ton','2021-12-04','2021-12-04','345','FGFDF','gdffdg',NULL,'9010418454','dfbg','9010418454','2022-02-05 15:26:09','approve'),(217,86,NULL,'45',NULL,4,2,2,NULL,56.0000,NULL,3,'Ton','2021-12-04','2021-12-04','56','5645','hgjhg',NULL,'9010418454','gfhg','9010418454','2022-02-05 15:26:09','approve'),(218,72,NULL,'12345',NULL,24,4,13,NULL,31.0200,NULL,1,'Ton','2021-12-04','2021-12-04','6015','TS22T3788','29.900','http://143.110.241.155:8100/uploads/2431251638794695160.jpeg','7981860160','for lining ','7981860160','2022-02-07 06:50:44','pending'),(219,75,NULL,'12345',NULL,24,4,13,NULL,20.7900,NULL,1,'Ton','2021-12-06','2021-12-06','6147','TS22T2889','29.900','http://143.110.241.155:8100/uploads/2681681638795022754.jpeg','7981860160','for lining ','7981860160','2022-02-07 06:50:44','pending'),(223,65,NULL,'676',NULL,30,1,1,NULL,767.0000,NULL,2,'Ton','2021-12-08','2021-12-08','yjh','RTYY','Hyderabad',NULL,'9866816283','','9866816283','2021-12-08 08:40:50','approve'),(224,74,NULL,'12345',NULL,37,4,13,NULL,21.5300,NULL,1,'Ton','2021-12-06','2021-12-06','6144','TS22T2555','29.900 km','http://143.110.241.155:8100/uploads/1248611639548733186.jpeg','9959719287','lining site','9959719287','2022-02-07 06:50:44','pending'),(225,72,NULL,'12345',NULL,37,4,13,NULL,28.0400,NULL,1,'Ton','2021-12-08','2021-12-08','6320','TS22T2889','29.900km','http://143.110.241.155:8100/uploads/9447881639549065971.jpeg','9959719287','lining site','9959719287','2022-02-07 06:50:44','pending'),(226,75,NULL,'12345',NULL,37,4,13,NULL,30.2400,NULL,1,'Ton','2021-12-09','2021-12-09','6350','TS22T2889','29.900km','http://143.110.241.155:8100/uploads/6209841639549129664.jpeg','9959719287','lining site','9959719287','2022-02-07 06:50:44','pending'),(227,72,NULL,'12345',NULL,37,4,13,NULL,28.9800,NULL,1,'Ton','2021-12-09','2021-12-09','6335','TS22T2889','29.900 km','http://143.110.241.155:8100/uploads/7324171639549355319.jpeg','9959719287','lining site','9959719287','2022-02-07 06:50:44','pending'),(228,75,NULL,'12345',NULL,37,4,13,NULL,32.6700,NULL,1,'Ton','2021-12-09','2021-12-09','6359','TS22T2555','29.900 km','http://143.110.241.155:8100/uploads/6659281639549747562.jpeg','9959719287','lining site','9959719287','2022-02-07 06:50:44','pending'),(229,74,NULL,'12345',NULL,37,4,13,NULL,30.2000,NULL,1,'Ton','2021-12-10','2021-12-10','6497','TS22T3168','30.100 km ','http://143.110.241.155:8100/uploads/8735641639549890247.jpeg','9959719287','lining site','9959719287','2022-02-07 06:50:44','pending'),(230,72,NULL,'12345',NULL,37,4,13,NULL,26.1400,NULL,1,'Ton','2021-12-10','2021-12-10','6501','TS22T2889','29.900 km ','http://143.110.241.155:8100/uploads/9898321639550024238.jpeg','9959719287','lining site','9959719287','2022-02-07 06:50:44','pending'),(231,75,NULL,'12345',NULL,37,4,13,NULL,27.6700,NULL,1,'Ton','2021-12-10','2021-12-10','6508','TS22T2555','29.900 km ','http://143.110.241.155:8100/uploads/6664631639550241012.jpeg','9959719287','lining site','9959719287','2022-02-07 06:50:44','pending'),(232,75,NULL,'12345',NULL,37,4,13,NULL,28.2500,NULL,1,'Ton','2021-12-11','2021-12-11','6571','TS22T2555','29.900 km ','http://143.110.241.155:8100/uploads/6479661639550371482.jpeg','9959719287','lining site','9959719287','2022-02-07 06:50:44','pending'),(233,74,NULL,'12345',NULL,37,4,13,NULL,29.5100,NULL,1,'Ton','2021-12-11','2021-12-11','6573','TS22T3788','29.900 km ','http://143.110.241.155:8100/uploads/7940841639550608439.jpeg','9959719287','lining site','9959719287','2022-02-07 06:50:44','pending'),(234,75,NULL,'12345',NULL,37,4,13,NULL,26.8400,NULL,1,'Ton','2021-12-11','2021-12-11','6575','TS22T2889','29.900 km ','http://143.110.241.155:8100/uploads/8512371639550680896.jpeg','9959719287','lining site','9959719287','2022-02-07 06:50:44','pending'),(235,72,NULL,'12345',NULL,37,4,13,NULL,26.8400,NULL,1,'Ton','2021-12-11','2021-12-11','5764','TS22T3168','30.370Km ','http://143.110.241.155:8100/uploads/7878551639550790164.jpeg','9959719287','SP','9959719287','2022-02-07 06:50:44','pending'),(236,72,NULL,'12345',NULL,37,4,13,NULL,30.6000,NULL,1,'Ton','2021-12-11','2021-12-11','5778','TS22T2555','29.900 km','http://143.110.241.155:8100/uploads/3760041639550893027.jpeg','9959719287','lining site','9959719287','2022-02-07 06:50:44','pending'),(237,72,NULL,'12345',NULL,37,4,13,NULL,30.6500,NULL,1,'Ton','2021-12-11','2021-12-11','5782','TS22T3168','29.900 km','http://143.110.241.155:8100/uploads/3731991639551000804.jpeg','9959719287','lining site','9959719287','2022-02-07 06:50:44','pending'),(238,78,NULL,'Sagar Cement limited',NULL,37,4,13,NULL,26.0000,NULL,1,'Ton','2021-12-11','2021-12-10','SCMP21046149','AP24TA6819','29.700 km','http://143.110.241.155:8100/uploads/1315931639566155853.jpeg','9959719287','lining site','9959719287','2022-02-07 06:50:44','pending'),(239,78,NULL,'Sagar Cement limited',NULL,37,4,13,NULL,26.0000,NULL,1,'Ton','2021-12-11','2021-12-10','SCMP21046217','AP24TA6419','29.900 km','http://143.110.241.155:8100/uploads/1923991639566349344.jpeg','9959719287','lining site','9959719287','2022-02-07 06:50:44','pending'),(240,78,NULL,'Sagar Cement limited',NULL,37,4,13,NULL,26.0000,NULL,1,'Ton','2021-12-13','2021-12-12','SCMP21046488','AP24TA6819','33.400Km ','http://143.110.241.155:8100/uploads/7614641639566478213.jpeg','9959719287','cement godown','9959719287','2022-02-07 06:50:44','pending'),(241,78,NULL,'Sagar Cement limited',NULL,37,4,13,NULL,26.0000,NULL,1,'Ton','2021-12-13','2021-12-12','SCMP21046487','AP24TA6419','33.400Km ','http://143.110.241.155:8100/uploads/3508441639566529363.jpeg','9959719287','cement godown','9959719287','2022-02-07 06:50:44','pending'),(242,75,NULL,'12345',NULL,37,4,13,NULL,30.9500,NULL,1,'Ton','2021-12-14','2021-12-14','6805','TS22T2555','33.990 km','http://143.110.241.155:8100/uploads/3371461639620265499.jpeg','9959719287','DLRB','9959719287','2022-02-07 06:50:44','pending'),(243,72,NULL,'12345',NULL,37,4,13,NULL,31.9000,NULL,1,'Ton','2021-12-14','2021-12-14','5854','TS02UB1645','29.900km','http://143.110.241.155:8100/uploads/2053341639620376347.jpeg','9959719287','lining site','9959719287','2022-02-07 06:50:44','pending'),(244,72,NULL,'12345',NULL,37,4,13,NULL,31.9000,NULL,1,'Ton','2021-12-14','2021-12-14','5854','TS02UB1645','29.900km','http://143.110.241.155:8100/uploads/6480931639620414687.jpeg','9959719287','lining site','9959719287','2022-02-07 06:50:44','pending'),(245,74,NULL,'12345',NULL,37,4,13,NULL,28.3200,NULL,1,'Ton','2021-12-14','2021-12-14','6828','TS22T3168','29.900km','http://143.110.241.155:8100/uploads/8344041639620490404.jpeg','9959719287','lining site','9959719287','2022-02-07 06:50:44','pending'),(246,75,NULL,'12345',NULL,37,4,13,NULL,28.4500,NULL,1,'Ton','2021-12-14','2021-12-14','6829','TS22T2889','29.900km','http://143.110.241.155:8100/uploads/7169191639620576357.jpeg','9959719287','lining site','9959719287','2022-02-07 06:50:44','pending'),(247,72,NULL,'12345',NULL,37,4,13,NULL,32.2100,NULL,1,'Ton','2021-12-14','2021-12-14','5859','TS02UB1645','29.900km','http://143.110.241.155:8100/uploads/2981121639620693315.jpeg','9959719287','lining site','9959719287','2022-02-07 06:50:44','pending'),(248,75,NULL,'12345',NULL,37,4,13,NULL,31.4100,NULL,1,'Ton','2021-12-15','2021-12-15','6833','TS22T2555','33.990km','http://143.110.241.155:8100/uploads/8056011639620806129.jpeg','9959719287','DLRB','9959719287','2022-02-07 06:50:44','pending'),(249,72,NULL,'12345',NULL,37,4,13,NULL,29.6100,NULL,1,'Ton','2021-12-15','2021-12-15','6873','TS22T2555','29.900km','http://143.110.241.155:8100/uploads/3703411639620876407.jpeg','9959719287','lining site','9959719287','2022-02-07 06:50:44','pending'),(250,72,NULL,'12345',NULL,37,4,13,NULL,34.7100,NULL,1,'Ton','2021-12-15','2021-12-15','5886','TS22T3788','29.900km','http://143.110.241.155:8100/uploads/8947681639620943734.jpeg','9959719287','lining site','9959719287','2022-02-07 06:50:44','pending'),(251,74,NULL,'12345',NULL,37,4,13,NULL,32.2800,NULL,1,'Ton','2021-12-15','2021-12-15','6897','TS22T3168','29.900 km','http://143.110.241.155:8100/uploads/6843421639629940605.jpeg','9959719287','lining site','9959719287','2022-02-07 06:50:44','pending'),(252,75,NULL,'12345',NULL,37,4,13,NULL,30.9800,NULL,1,'Ton','2021-12-15','2021-12-15','6898','TS22T2555','29.900 km ','http://143.110.241.155:8100/uploads/5527071639630096362.jpeg','9959719287','lining site','9959719287','2022-02-07 06:50:44','pending'),(253,72,NULL,'12345',NULL,37,4,13,NULL,30.9200,NULL,1,'Ton','2021-12-16','2021-12-16','6929','TS22T3168','29.900 km ','http://143.110.241.155:8100/uploads/6616361639630334355.jpeg','9959719287','lining site','9959719287','2022-02-07 06:50:44','pending'),(254,72,NULL,'1',NULL,37,4,13,NULL,36.2100,NULL,1,'Ton','2021-12-16','2021-12-16','5904','TS22T3788','33.990 DLRB','http://143.110.241.155:8100/uploads/6017341639718690743.jpeg','9959719287','aFor abutment foundation work.','9959719287','2022-02-07 06:50:44','pending'),(255,75,NULL,'12345',NULL,37,4,13,NULL,33.9200,NULL,1,'Ton','2021-12-16','2021-12-16','5907','TS22T3788','33.990 DLRB','http://143.110.241.155:8100/uploads/8978331639718770355.jpeg','9959719287','aFor abutment foundation work.','9959719287','2022-02-07 06:50:44','pending'),(256,72,NULL,'12345',NULL,37,4,13,NULL,28.1700,NULL,1,'Ton','2021-12-16','2021-12-16','6944','TS22T3168','33.990 DLRB','http://143.110.241.155:8100/uploads/6398921639718827763.jpeg','9959719287','aFor abutment foundation work.','9959719287','2022-02-07 06:50:44','pending'),(257,72,NULL,'12345',NULL,37,4,13,NULL,31.8200,NULL,1,'Ton','2021-12-18','2021-12-18','5975','TS22T2889','29.900 km ','http://143.110.241.155:8100/uploads/8444701639894607123.jpeg','9959719287','lining site','9959719287','2022-02-07 06:50:44','pending'),(258,75,NULL,'12345',NULL,37,4,13,NULL,31.6700,NULL,1,'Ton','2021-12-19','2021-12-19','79','TS22T3788','33.990 km','http://143.110.241.155:8100/uploads/9918100639994755867.jpeg','9959719287','DLRB','9959719287','2022-02-07 06:50:44','pending'),(259,72,NULL,'12345',NULL,37,4,13,NULL,31.9500,NULL,1,'Ton','2021-12-19','2021-12-19','5994','TS02UB1645','33.990 km','http://143.110.241.155:8100/uploads/6386191639994835686.jpeg','9959719287','DLRB','9959719287','2022-02-07 06:50:44','pending'),(260,75,NULL,'12345',NULL,37,4,13,NULL,28.4600,NULL,1,'Ton','2021-12-19','2021-12-19','168','TS02UB1645','33.990 km','http://143.110.241.155:8100/uploads/3297841639994896526.jpeg','9959719287','DLRB','9959719287','2022-02-07 06:50:44','pending'),(261,75,NULL,'12345',NULL,37,4,13,NULL,31.8400,NULL,1,'Ton','2021-12-19','2021-12-19','169','TS22T2889','33.990 km','http://143.110.241.155:8100/uploads/6254211639994963017.jpeg','9959719287','DLRB','9959719287','2022-02-07 06:50:44','pending'),(262,75,NULL,'12345',NULL,37,4,13,NULL,29.8400,NULL,1,'Ton','2021-12-20','2021-12-19','208','TS02UB1645','33.990 km','http://143.110.241.155:8100/uploads/6895391639995030024.jpeg','9959719287','DLRB','9959719287','2022-02-07 06:50:44','pending'),(263,72,NULL,'12345',NULL,37,4,13,NULL,34.2700,NULL,1,'Ton','2021-12-21','2021-12-21','6074','TS22T2555','33.990 km','http://143.110.241.155:8100/uploads/8872211640163093861.jpeg','9959719287','DLRB','9959719287','2022-02-07 06:50:44','pending'),(264,75,NULL,'12345',NULL,37,4,13,NULL,30.7800,NULL,1,'Ton','2021-12-21','2021-12-21','360','TS22T2555','33.990 km','http://143.110.241.155:8100/uploads/6363921640163308214.jpeg','9959719287','DLRB','9959719287','2022-02-07 06:50:44','pending'),(265,72,NULL,'12345',NULL,37,4,13,NULL,32.1300,NULL,1,'Ton','2021-12-22','2021-12-22','357','TS02UB1645','33.990 km','http://143.110.241.155:8100/uploads/7362461640163384486.jpeg','9959719287','DLRB','9959719287','2022-02-07 06:50:44','pending'),(266,72,NULL,'12345',NULL,37,4,13,NULL,32.9600,NULL,1,'Ton','2021-12-22','2021-12-22','392','TS22T2555','33.990 km','http://143.110.241.155:8100/uploads/5048211640163448154.jpeg','9959719287','DLRB','9959719287','2022-02-07 06:50:44','pending'),(267,78,NULL,NULL,NULL,5,3,5,NULL,50.0000,NULL,2,'Ton','2021-12-22','2021-12-22','7374u3u','8373737','hyderabad',NULL,'8077828472','','8077828472','2022-03-05 09:18:23','approve'),(268,72,NULL,'12345',NULL,37,4,13,NULL,31.8300,NULL,1,'Ton','2021-12-23','2021-12-23','543','TS22T1645','33.990 km','http://143.110.241.155:8100/uploads/7179941640486622532.jpeg','9959719287','DLRB','9959719287','2022-02-07 06:50:44','pending'),(269,72,NULL,'12345',NULL,37,4,13,NULL,31.8400,NULL,1,'Ton','2021-12-24','2021-12-24','6149','TS22T2889','29.900km','http://143.110.241.155:8100/uploads/5148671640508997146.jpeg','9959719287','lining site','9959719287','2022-02-07 06:50:44','pending'),(270,72,NULL,'12345',NULL,37,4,13,NULL,32.7000,NULL,1,'Ton','2021-12-24','2021-12-24','675','TS22T3788','29.900km','http://143.110.241.155:8100/uploads/8331821640509100039.jpeg','9959719287','lining site','9959719287','2022-02-07 06:50:44','pending'),(271,72,NULL,'12345',NULL,37,4,13,NULL,31.6700,NULL,1,'Ton','2021-12-24','2021-12-24','682','TS22T2555','31.670','http://143.110.241.155:8100/uploads/4809871640509190926.jpeg','9959719287','lining site','9959719287','2022-02-07 06:50:44','pending'),(272,74,NULL,'12345',NULL,37,4,13,NULL,33.7800,NULL,1,'Ton','2021-12-25','2021-12-25','700','TS22T2555','29.900 km','http://143.110.241.155:8100/uploads/9490131640509332125.jpeg','9959719287','lining site','9959719287','2022-02-07 06:50:44','pending'),(273,74,NULL,'12345',NULL,37,4,13,NULL,31.2700,NULL,1,'Ton','2021-12-25','2021-12-25','686','TS22T3168','29.900 km','http://143.110.241.155:8100/uploads/5396601640509386910.jpeg','9959719287','lining site','9959719287','2022-02-07 06:50:44','pending'),(274,72,NULL,'12345',NULL,37,4,13,NULL,31.0300,NULL,1,'Ton','2021-12-25','2021-12-25','691','TS22T3788','29.900 km','http://143.110.241.155:8100/uploads/3107891640509434716.jpeg','9959719287','lining site','9959719287','2022-02-07 06:50:44','pending'),(275,75,NULL,'12345',NULL,37,4,13,NULL,32.5900,NULL,1,'Ton','2021-12-25','2021-12-25','707','TS22T3168','29.900 km','http://143.110.241.155:8100/uploads/1417631640509494851.jpeg','9959719287','lining site','9959719287','2022-02-07 06:50:44','pending'),(276,72,NULL,'12345',NULL,37,4,13,NULL,31.1100,NULL,1,'Ton','2021-12-25','2021-12-25','729','TS22T2555','33.990km','http://143.110.241.155:8100/uploads/7030581640509573160.jpeg','9959719287','DLRB','9959719287','2022-02-07 06:50:44','pending'),(277,75,NULL,'12345',NULL,37,4,13,NULL,31.8500,NULL,1,'Ton','2021-12-25','2021-12-25','734','TS22T3168','29.900 km','http://143.110.241.155:8100/uploads/1010391640509632827.jpeg','9959719287','lining site','9959719287','2022-02-07 06:50:44','pending'),(278,72,NULL,'12345',NULL,37,4,13,NULL,34.1500,NULL,1,'Ton','2021-12-25','2021-12-25','6153','TS22T2889','29.900 km','http://143.110.241.155:8100/uploads/1715981640509683670.jpeg','9959719287','lining site','9959719287','2022-02-07 06:50:44','pending'),(279,75,NULL,'12345',NULL,37,4,13,NULL,31.3400,NULL,1,'Ton','2021-12-25','2021-12-25','6157','TS22T2889','29.900 km','http://143.110.241.155:8100/uploads/3073311640509724716.jpeg','9959719287','lining site','9959719287','2022-02-07 06:50:44','pending'),(280,74,NULL,'12345',NULL,37,4,13,NULL,30.9900,NULL,1,'Ton','2021-12-25','2021-12-25','753','TS22T3168','29.900 km','http://143.110.241.155:8100/uploads/7434041640509772291.jpeg','9959719287','lining site','9959719287','2022-03-08 04:40:12','approve'),(281,74,NULL,'12345',NULL,37,4,13,NULL,30.0800,NULL,1,'Ton','2021-12-25','2021-12-25','755','TS02UB1645','29.900 km','http://143.110.241.155:8100/uploads/9484071640509835814.jpeg','9959719287','lining site','9959719287','2022-03-07 09:44:20','decline'),(282,72,NULL,'12345',NULL,37,4,13,NULL,33.5700,NULL,1,'Ton','2021-12-26','2021-12-26','6175','TS22T2555','29.900km','http://143.110.241.155:8100/uploads/1347391640514594922.jpeg','9959719287','Lining site','9959719287','2022-03-07 09:44:03','decline'),(283,72,NULL,'12345',NULL,37,4,13,NULL,31.0000,NULL,1,'Ton','2021-12-26','2021-12-26','6178','TS22T2555','29.900km','http://143.110.241.155:8100/uploads/1235011640584712294.jpeg','9959719287','sp','9959719287','2022-03-07 09:45:07','decline'),(284,72,NULL,'12345',NULL,37,4,13,NULL,32.6200,NULL,1,'Ton','2021-12-29','2021-12-29','6232','TS22T2889','33.990km','http://143.110.241.155:8100/uploads/3994141641174147042.jpeg','9959719287','DLRB','9959719287','2022-02-07 06:50:44','pending'),(285,72,NULL,'12345',NULL,37,4,13,NULL,39.4500,NULL,1,'Ton','2021-12-30','2021-12-30','7361','TS22T2889','33.990km','http://143.110.241.155:8100/uploads/7579621641174211884.jpeg','9959719287','DLRB','9959719287','2022-02-07 06:50:44','pending'),(286,72,NULL,'12345',NULL,37,4,13,NULL,39.4500,NULL,1,'Ton','2021-12-30','2021-12-30','7361','TS22T1377','33.990km','http://143.110.241.155:8100/uploads/1165131641174242595.jpeg','9959719287','DLRB','9959719287','2022-02-07 06:50:44','pending'),(287,72,NULL,'12345',NULL,37,4,13,NULL,39.2000,NULL,1,'Ton','2021-12-30','2021-12-30','7362','TS22T1133','33.990km','http://143.110.241.155:8100/uploads/8333791641174287404.jpeg','9959719287','DLRB','9959719287','2022-02-07 06:50:44','pending'),(288,72,NULL,'12345',NULL,37,4,13,NULL,30.1500,NULL,1,'Ton','2021-12-31','2021-12-31','6271','TS22T2889','29.900 km','http://143.110.241.155:8100/uploads/4027631641263760578.jpeg','9959719287','lining site','9959719287','2022-02-07 06:50:44','pending'),(289,72,NULL,'12345',NULL,37,4,13,NULL,31.0500,NULL,1,'Ton','2021-12-31','2021-12-31','6280','TS22T2889','33.990 km','http://143.110.241.155:8100/uploads/9207801641263811476.jpeg','9959719287','DLRB','9959719287','2022-02-07 06:50:44','pending'),(290,74,NULL,'12345',NULL,37,4,13,NULL,30.5400,NULL,1,'Ton','2022-01-04','2022-01-04','1526','TS22T3168','29.900 km','http://143.110.241.155:8100/uploads/2657101641275577596.jpeg','9959719287','lining site','9959719287','2022-02-07 06:50:44','pending'),(291,75,NULL,'12345',NULL,37,4,13,NULL,32.9500,NULL,1,'Ton','2022-01-04','2022-01-04','6380','TS 22 T 2555','29.900 km ','http://143.110.241.155:8100/uploads/1480081641282121235.jpeg','9959719287','lining site','9959719287','2022-02-07 06:50:44','pending'),(292,72,NULL,'12345',NULL,37,4,13,NULL,31.5300,NULL,1,'Ton','2022-01-04','2022-01-04','1556','TS22T2555','29.900 km','http://143.110.241.155:8100/uploads/8030171641351564580.jpeg','9959719287','lining site','9959719287','2022-02-07 06:50:44','pending'),(293,72,NULL,'12345',NULL,37,4,13,NULL,30.7200,NULL,1,'Ton','2022-01-04','2022-01-04','1568','TS22T2555','29.900 km','http://143.110.241.155:8100/uploads/4362441641351621009.jpeg','9959719287','lining site','9959719287','2022-02-07 06:50:44','pending'),(294,75,NULL,'12345',NULL,37,4,13,NULL,31.4700,NULL,1,'Ton','2022-01-05','2022-01-05','1658','TS22T2555','29.900 km','http://143.110.241.155:8100/uploads/7583421641392125518.jpeg','9959719287','lining site','9959719287','2022-03-08 04:40:52','approve'),(295,75,NULL,'12345',NULL,37,4,13,NULL,27.6800,NULL,1,'Ton','2022-01-07','2022-01-07','1822','TS22T2889','29.900 km','http://143.110.241.155:8100/uploads/1531451641524856334.jpeg','9959719287','lining site','9959719287','2022-03-08 04:40:41','approve'),(296,72,NULL,'12345',NULL,37,4,13,NULL,31.4400,NULL,1,'Ton','2022-01-06','2022-01-06','1741','TS02UB1645','29.900km','http://143.110.241.155:8100/uploads/1664891641525511395.jpeg','9959719287','lining site','9959719287','2022-02-07 06:50:44','pending'),(297,72,NULL,'12345',NULL,37,4,13,NULL,31.6700,NULL,1,'Ton','2022-01-08','2022-01-08','1950','TS02UD1645','29.400km','http://143.110.241.155:8100/uploads/3071591641696741595.jpeg','9959719287','lining site','9959719287','2022-02-07 06:50:44','pending'),(298,72,NULL,'12345',NULL,37,4,13,NULL,30.6200,NULL,1,'Ton','2022-01-09','2022-01-09','2082','TS22T3168','29.674km','http://143.110.241.155:8100/uploads/9017491641781174428.jpeg','9959719287','Sp','9959719287','2022-02-07 06:50:44','pending'),(299,72,NULL,'12345',NULL,37,4,13,NULL,31.9600,NULL,1,'Ton','2022-01-09','2022-01-09','2103','TS22T3168','TE/24L','http://143.110.241.155:8100/uploads/3841431641781760584.jpeg','9959719287','structure','9959719287','2022-02-07 06:50:44','pending'),(300,75,NULL,'12345',NULL,37,4,13,NULL,30.1400,NULL,1,'Ton','2022-01-09','2022-01-09','2116','TS22T3168','TE/24L','http://143.110.241.155:8100/uploads/9227701641781808270.jpeg','9959719287','structure','9959719287','2022-02-07 06:50:44','pending'),(301,75,NULL,'12345',NULL,37,4,13,NULL,30.1400,NULL,1,'Ton','2022-01-09','2022-01-09','2116','TS22T3168','TE/24L','http://143.110.241.155:8100/uploads/1276971641781828526.jpeg','9959719287','structure','9959719287','2022-02-07 06:50:44','pending'),(302,72,NULL,'12345',NULL,37,4,13,NULL,30.8500,NULL,1,'Ton','2022-01-08','2022-01-08','1974','TS22T3168','1R/TE/1L/1R/5R/20L','http://143.110.241.155:8100/uploads/4776291642168795120.jpeg','9959719287','miner','9959719287','2022-02-07 06:50:44','pending'),(303,75,NULL,'12345',NULL,37,4,13,NULL,31.8100,NULL,1,'Ton','2022-01-08','2022-01-08','6507','TS02UB1645','1R/TE/1L/1R/5R/20L','http://143.110.241.155:8100/uploads/2143841642168922663.jpeg','9959719287','miner','9959719287','2022-02-07 06:50:44','pending'),(304,72,NULL,'12345',NULL,37,4,13,NULL,30.6900,NULL,1,'Ton','2022-01-10','2022-01-10','2185','TS22T3168','TE/24L','http://143.110.241.155:8100/uploads/1985941642169056970.jpeg','9959719287','miner','9959719287','2022-02-07 06:50:44','pending'),(305,75,NULL,'12345',NULL,37,4,13,NULL,30.0800,NULL,1,'Ton','2022-01-10','2022-01-10','2187','TS22T3168','TE/24L','http://143.110.241.155:8100/uploads/5718641642169153104.jpeg','9959719287','miner','9959719287','2022-02-07 06:50:44','pending'),(306,75,NULL,'12345',NULL,37,4,13,NULL,30.0900,NULL,1,'Ton','2022-01-10','2022-01-10','2210','TS22T3168','T29.400 km','http://143.110.241.155:8100/uploads/1933561642169254955.jpeg','9959719287','lining site','9959719287','2022-02-07 06:50:44','pending'),(307,74,NULL,'12345',NULL,37,4,13,NULL,30.1600,NULL,1,'Ton','2022-01-10','2022-01-10','2228','TS22T3168','29.384 km','http://143.110.241.155:8100/uploads/6622741642169333377.jpeg','9959719287','lining site','9959719287','2022-02-07 06:50:44','pending'),(308,72,NULL,'12345',NULL,37,4,13,NULL,30.1600,NULL,1,'Ton','2022-01-12','2022-01-12','2417','TS22T2555','29.900 km','http://143.110.241.155:8100/uploads/1164811642169469769.jpeg','9959719287','lining site','9959719287','2022-02-07 06:50:44','pending'),(309,78,NULL,'Sagar Cement',NULL,37,4,13,NULL,26.0000,NULL,2,'Ton','2021-12-28','2021-12-27','SCMP21049490','TS29T5819','29.900km','http://143.110.241.155:8100/uploads/1232431642170714585.jpeg','9959719287','lining site','9959719287','2022-02-07 06:50:44','pending'),(310,78,NULL,'Sagar Cement',NULL,37,4,13,NULL,26.0000,NULL,2,'Ton','2022-01-05','2022-01-04','SCMP21051369','AP24TB0169','29.900km','http://143.110.241.155:8100/uploads/7477741642170856822.jpeg','9959719287','lining site','9959719287','2022-02-07 06:50:44','pending'),(311,78,NULL,'Sagar Cement',NULL,37,4,13,NULL,26.0000,NULL,2,'Ton','2022-01-05','2022-01-04','SCMP21051337','TS29T2269','29.225km','http://143.110.241.155:8100/uploads/7846241642170956771.jpeg','9959719287','lining site','9959719287','2022-02-07 06:50:44','pending'),(312,78,NULL,'Sagar Cement',NULL,37,4,13,NULL,26.0000,NULL,2,'Ton','2021-12-28','2021-12-27','SCMP21049497','AP24TA6419','33.990 km','http://143.110.241.155:8100/uploads/2194781642234812359.jpeg','9959719287','DLRB','9959719287','2022-02-07 06:50:44','pending'),(313,72,NULL,'12345',NULL,37,4,13,NULL,32.1700,NULL,1,'Ton','2022-01-17','2022-01-17','6632','TS22T3777','29.800 km','http://143.110.241.155:8100/uploads/6952091642410600588.jpeg','9959719287','lining site','9959719287','2022-02-07 06:50:44','pending'),(314,72,NULL,'12345',NULL,37,4,13,NULL,32.1700,NULL,1,'Ton','2022-01-17','2022-01-17','6632','TS22T3788','29.800 km','http://143.110.241.155:8100/uploads/9658921642410646949.jpeg','9959719287','lining site','9959719287','2022-02-07 06:50:44','pending'),(315,72,NULL,'12345',NULL,37,4,13,NULL,31.5200,NULL,1,'Ton','2022-01-17','2022-01-17','6642','TS22T3788','29.900 km','http://143.110.241.155:8100/uploads/1807191642410696028.jpeg','9959719287','lining site','9959719287','2022-02-07 06:50:44','pending'),(316,72,NULL,'12345',NULL,37,4,13,NULL,32.1900,NULL,1,'Ton','2022-01-18','2022-01-18','2657','TS22T3788','29.385 km','http://143.110.241.155:8100/uploads/6953231642503605976.jpeg','9959719287','lining site','9959719287','2022-02-07 06:50:44','pending'),(317,74,NULL,'12345',NULL,37,4,13,NULL,31.0300,NULL,1,'Ton','2022-01-19','2022-01-19','6701','TS02UB1645','29.385 km','http://143.110.241.155:8100/uploads/6037441642575096749.jpeg','9959719287','lining site','9959719287','2022-02-07 06:50:44','pending'),(318,72,NULL,'12345',NULL,37,4,13,NULL,32.5300,NULL,1,'Ton','2022-01-19','2022-01-19','6716','TS02UB1645','29.385km','http://143.110.241.155:8100/uploads/7520431642590279180.jpeg','9959719287','lining site','9959719287','2022-02-07 06:50:44','pending'),(319,75,NULL,'12345',NULL,37,4,13,NULL,31.7200,NULL,1,'Ton','2022-01-19','2022-01-19','6724','TS02UB1645','29.385 km','http://143.110.241.155:8100/uploads/3636651642594197628.jpeg','9959719287','lining site','9959719287','2022-02-07 06:50:44','pending'),(320,65,NULL,'TDY',NULL,39,1,1,NULL,10000.0000,NULL,2,'Ton','2022-01-24','2022-01-24','WE4','TS 5 Y 1900','Hyderabad','http://143.110.241.155:8100/uploads/6019291643009283246.jpeg','0000000000','mining','0000000000','2022-02-07 06:50:44','approve'),(321,65,NULL,'34545',NULL,99,4,13,NULL,56.0000,NULL,1,'Ton','2022-02-08','2022-02-08','5646765','56756','hydearabad','undefined','+91-12345670','added','+91-12345670','2022-03-07 09:36:20','approve'),(322,65,NULL,'trs45',NULL,99,4,13,NULL,6.0000,NULL,1,'Ton','2022-02-08','2022-02-08','678','TDREGV','hyderabad','undefined','+91-12345670','added','+91-12345670','2022-03-07 09:34:42','approve'),(323,65,NULL,'767',NULL,99,4,13,NULL,8776.0000,NULL,1,'Ton','2022-02-08','2022-02-08','ts 3456','67576','hyderabad','undefined','+91-12345670','added','+91-12345670','2022-02-08 12:34:07','approve'),(324,66,NULL,'trtyty',NULL,99,4,13,NULL,567.0000,NULL,2,'Ton','2022-02-08','2022-02-08','gfjhgyj','TS 3456','hyfder','undefined','+91-12345670','added','+91-12345670','2022-02-08 11:00:54','decline'),(325,85,NULL,'TS5Y',NULL,99,4,13,NULL,10000.0000,NULL,2,'Ton','2022-02-08','2022-02-08','12','TS 5 U 2000','Hyderabad','http://143.110.241.155:8100/uploads/1526871644312308120.jpeg','+91-12345670','lining','+91-12345670','2022-02-08 11:00:50','decline'),(326,80,NULL,'T89k',NULL,99,4,13,NULL,10000.0000,NULL,4,'Litre','2022-02-08','2022-02-09','9V5G','TS 5 U 9870','goa','http://143.110.241.155:8100/uploads/2706691644312365541.jpeg','+91-12345670','mining','+91-12345670','2022-02-08 11:00:45','approve'),(327,78,NULL,'T89k',NULL,99,4,13,NULL,5000.0000,NULL,4,'Ton','2022-02-08','2022-02-09','9V5G','TS 5 U 9870','goa','http://143.110.241.155:8100/uploads/2509411644312404849.jpeg','+91-12345670','building','+91-12345670','2022-02-08 11:00:39','approve'),(328,65,NULL,'ytryu',NULL,99,4,12,NULL,678.0000,NULL,1,'Ton','2022-02-08','2022-02-08','567tgfy','TS 30 ERTY','hyderabd','undefined','+91-12345670','added','+91-12345670','2022-02-08 11:00:34','approve'),(329,66,NULL,'1234',NULL,99,2,2,NULL,345.0000,NULL,2,'Ton','2022-02-08','2022-02-08','tsreeyf','TS 30 ERTY','hyderabad','undefined','+91-12345670','added','+91-12345670','2022-02-08 11:04:09','pending'),(330,86,NULL,'TY7',NULL,99,1,1,NULL,1000.0000,NULL,3,'Ton','2022-02-08','2022-02-08','123','TS 6 Y 9089','hyd','http://143.110.241.155:8100/uploads/8766851644323821018.jpeg','+91-12345670','lining\n','+91-12345670','2022-02-11 07:56:48','approve'),(331,85,NULL,'234578',NULL,99,1,1,NULL,25.0000,NULL,1,'Ton','2022-02-12','2022-02-09','234567','2745','hyd','undefined','+91-12345670','dyfufu','+91-12345670','2022-02-08 12:39:37','pending'),(332,66,NULL,'744578',NULL,99,1,1,NULL,56.0000,NULL,2,'Ton','2022-02-09','2022-02-09','34567','8642','hyd','undefined','+91-12345670','eyhf','+91-12345670','2022-02-11 06:13:19','approve'),(333,78,NULL,'Ty5',NULL,99,2,2,NULL,8000.0000,NULL,3,'Ton','2022-02-08','2022-02-08','12I','TS 6 Y 1098','goa','undefined','+91-12345670','lining','+91-12345670','2022-02-08 12:43:13','approve'),(334,86,NULL,'Ty5',NULL,99,2,2,NULL,3000.0000,NULL,3,'Ton','2022-02-08','2022-02-08','12I','TS 6 Y 1000','hyd','undefined','+91-12345670','lining','+91-12345670','2022-02-08 12:43:10','approve'),(335,78,NULL,'2346',NULL,99,1,1,NULL,88.0000,NULL,3,'Ton','2022-02-09','2022-02-09','2356','FFD435','hyd','undefined','+91-12345670','dfhh','+91-12345670','2022-02-11 06:13:15','approve'),(336,65,NULL,'prasad1456',NULL,99,1,1,NULL,100.0000,NULL,1,'Ton','2022-02-08','2022-02-08','Test 234','AP453357SA','vizag','http://143.110.241.155:8100/uploads/5253951644338888518.jpeg','+91-12345670','testing app','+91-12345670','2022-02-09 07:41:42','approve'),(337,65,NULL,'9876543',NULL,99,1,1,NULL,9876.0000,NULL,1,'Ton','2022-02-11','2022-02-11','786766','UYTY','hyderabad','undefined','+91-12345670','added','+91-12345670','2022-02-11 06:34:03','pending'),(338,66,NULL,'987654389',NULL,99,1,1,NULL,9876.0000,NULL,2,'Ton','2022-02-10','2022-02-11','ty6785','UYTY','hyderabad','undefined','+91-12345670','added','+91-12345670','2022-02-11 07:52:19','approve'),(339,69,NULL,'987',NULL,99,1,1,NULL,76.0000,NULL,3,'Ton','2022-02-10','2022-02-10','ty6785yu','UYT','hyderab','undefined','+91-12345670','add','+91-12345670','2022-02-11 07:52:14','approve'),(340,65,NULL,'8643',NULL,4,2,3,NULL,2.0000,NULL,1,'Ton','2022-02-11','2022-02-11','478','755','Hyderabad','http://143.110.241.155:8100/uploads/5031181644561603377.jpeg','9010418454','ok','9010418454','2022-02-11 06:40:03','pending'),(341,75,NULL,'vfg',NULL,4,3,4,NULL,2.0000,NULL,2,'Ton','2022-02-03','2022-02-01','vgh','HFFG','cghu','http://143.110.241.155:8100/uploads/3098981644562071541.jpeg','9010418454','vffg','9010418454','2022-02-11 06:47:51','pending'),(342,68,NULL,'fff',NULL,4,3,4,NULL,5.0000,NULL,3,'Ton','2022-02-11','2022-02-11','fg','FH','xghcj','http://143.110.241.155:8100/uploads/4797981644562193149.jpeg','9010418454','fuu','9010418454','2022-02-11 06:49:53','pending'),(343,78,NULL,'12 Cap',NULL,4,4,12,NULL,2.0000,NULL,1,'Ton','2022-02-11','2022-02-11','32 b 4r','JHFF','Tadepalligudem','undefined','9010418454','bchhdvj','9010418454','2022-03-07 05:20:05','approve'),(344,66,NULL,'hgg',NULL,4,4,12,NULL,2.0000,NULL,3,'Ton','2022-02-11','2022-02-11','fcg','FF','fcb','http://143.110.241.155:8100/uploads/8142941644565087752.jpeg','9010418454','hgg','9010418454','2022-03-07 09:34:31','approve'),(345,66,NULL,'hgg',NULL,4,4,12,NULL,2.0000,NULL,3,'Ton','2022-02-11','2022-02-11','fcg','FF','fcb','http://143.110.241.155:8100/uploads/4570441644565096709.jpeg','9010418454','hgg','9010418454','2022-03-07 06:17:17','approve'),(346,69,NULL,'didhk',NULL,4,4,12,NULL,5.0000,NULL,4,'Ton','2022-02-11','2022-02-11','fhjnv','HSHHSHSNN','hyd','undefined','9010418454','ok','9010418454','2022-03-07 06:16:22','approve'),(347,65,NULL,'tyru erty',NULL,99,2,2,NULL,45.0000,NULL,1,'Ton','2022-02-13','2022-02-13','ap 30 ghjh','TS ERTY','hyderbad','undefined','+91-12345670','added','+91-12345670','2022-02-13 04:38:16','pending'),(348,65,NULL,'tyru erty',NULL,99,2,2,NULL,45.0000,NULL,1,'Ton','2022-02-13','2022-02-13','ap 30 ghjh','TS ERTY','hyderbad','undefined','+91-12345670','added','+91-12345670','2022-02-13 04:38:26','pending'),(349,68,NULL,'tyru erty',NULL,99,2,2,NULL,45.0000,NULL,1,'Ton','2022-02-13','2022-02-13','ap 30 ghty','TS ERTY','hyderbad','undefined','+91-12345670','added','+91-12345670','2022-02-13 04:38:48','pending'),(350,78,NULL,'6788',NULL,99,2,2,NULL,456.0000,NULL,2,'Ton','2022-02-13','2022-02-13','54666','TS 30 RTYU','hyderbad','undefined','+91-12345670','added','+91-12345670','2022-02-13 04:42:03','pending'),(351,78,NULL,'67889',NULL,99,2,2,NULL,456.0000,NULL,2,'Ton','2022-02-13','2022-02-13','54666','TS 30 RTYU','hyderbad','undefined','+91-12345670','added','+91-12345670','2022-02-13 04:42:32','pending'),(352,66,NULL,'stt',NULL,4,4,12,NULL,2.0000,NULL,3,'Ton','2022-02-14','2022-02-14','dyu','DDUHG','ghu','undefined','9010418454','cgj','9010418454','2022-03-07 05:19:54','approve'),(353,80,NULL,'',NULL,99,3,5,NULL,8.0000,NULL,3,'Litre','2022-03-09','2022-03-07','63643256','746','Hyderabad','http://143.110.241.155:8100/uploads/5650071646476889291.jpeg','+91-12345670','','+91-12345670','2022-03-05 10:41:29','pending'),(354,81,NULL,'4678',NULL,99,4,15,NULL,5809.0000,NULL,3,'Litre','2022-03-10','2022-03-07','55444455678','8654','hyd','http://143.110.241.155:8100/uploads/6878041646631676881.jpeg','+91-12345670','received','+91-12345670','2022-03-07 09:33:53','approve');
/*!40000 ALTER TABLE `inframaterialsreceipts` ENABLE KEYS */;
UNLOCK TABLES;

--
-- Table structure for table `infraprojects`
--

DROP TABLE IF EXISTS `infraprojects`;
/*!40101 SET @saved_cs_client     = @@character_set_client */;
/*!50503 SET character_set_client = utf8mb4 */;
CREATE TABLE `infraprojects` (
  `AutoProjectId` int NOT NULL AUTO_INCREMENT,
  `ProjectId` varchar(20) CHARACTER SET utf8 COLLATE utf8_general_ci DEFAULT NULL,
  `ProjectName` varchar(80) NOT NULL,
  `ProjectDescription` varchar(255) CHARACTER SET utf8 COLLATE utf8_general_ci DEFAULT NULL,
  `ProjectType` varchar(20) CHARACTER SET utf8 COLLATE utf8_general_ci NOT NULL,
  `ProjectAddress` varchar(80) CHARACTER SET utf8 COLLATE utf8_general_ci NOT NULL,
  `ProjectCity` varchar(20) CHARACTER SET utf8 COLLATE utf8_general_ci NOT NULL,
  `ProjectState` varchar(20) CHARACTER SET utf8 COLLATE utf8_general_ci NOT NULL,
  `ProjectCountry` varchar(20) CHARACTER SET utf8 COLLATE utf8_general_ci NOT NULL,
  `ProjectZipCode` varchar(20) CHARACTER SET utf8 COLLATE utf8_general_ci NOT NULL,
  `ProjectEstimatedValue` decimal(19,2) NOT NULL,
  `ProjectStatus` varchar(20) CHARACTER SET utf8 COLLATE utf8_general_ci DEFAULT NULL,
  `ProjectStartDate` date NOT NULL,
  `ProjectEndDate` date NOT NULL,
  `UpdatedBy` varchar(50) CHARACTER SET utf8 COLLATE utf8_general_ci NOT NULL,
  `UpdatedTimeStamp` timestamp NOT NULL DEFAULT CURRENT_TIMESTAMP ON UPDATE CURRENT_TIMESTAMP,
  PRIMARY KEY (`AutoProjectId`),
  UNIQUE KEY `UC_Projects` (`ProjectName`)
) ENGINE=InnoDB AUTO_INCREMENT=33 DEFAULT CHARSET=utf8mb4 COLLATE=utf8mb4_0900_ai_ci;
/*!40101 SET character_set_client = @saved_cs_client */;

--
-- Dumping data for table `infraprojects`
--

LOCK TABLES `infraprojects` WRITE;
/*!40000 ALTER TABLE `infraprojects` DISABLE KEYS */;
INSERT INTO `infraprojects` VALUES (1,'LLP20210801','Project-A','Sample Project','Type-1','SunTowers, Madhapur','Hyderabad','Telangana','India','500060',200000.01,'Active','2021-01-01','2022-06-06','Admin1','2021-11-22 11:30:35'),(2,'LLP202108030','Project-B','Sample Project 2','Type-2','SunTowers, Madhapur','Hyderabad','Telangana','India','500060',400000.01,'Completed','2020-01-01','2022-01-06','Admin1','2021-11-22 11:30:35'),(3,'LLP202008030','Project-C','Sample Project 3','Type-1','SunTowers, Madhapur','Hyderabad','Telangana','India','500060',400000.01,'Completed','2019-01-01','2020-08-06','Admin1','2021-11-22 11:30:35'),(4,'LLP01','JCRGLIS','Jangaon','Irrigation','Jangaon','Jangaon','Telangana','India','500060',114.81,'Active','2007-08-01','2022-06-30','Admin1','2021-12-01 08:36:08');
/*!40000 ALTER TABLE `infraprojects` ENABLE KEYS */;
UNLOCK TABLES;

--
-- Table structure for table `infrasubprojects`
--

DROP TABLE IF EXISTS `infrasubprojects`;
/*!40101 SET @saved_cs_client     = @@character_set_client */;
/*!50503 SET character_set_client = utf8mb4 */;
CREATE TABLE `infrasubprojects` (
  `AutoSubProjectId` int NOT NULL AUTO_INCREMENT,
  `SubProjectId` varchar(20) CHARACTER SET utf8 COLLATE utf8_general_ci DEFAULT NULL,
  `SubProjectName` varchar(80) CHARACTER SET utf8 COLLATE utf8_general_ci NOT NULL,
  `AutoProjectId` int NOT NULL,
  `SubProjectDescription` varchar(255) CHARACTER SET utf8 COLLATE utf8_general_ci DEFAULT NULL,
  `SubProjectType` varchar(20) CHARACTER SET utf8 COLLATE utf8_general_ci NOT NULL,
  `SubProjectAddress` varchar(80) CHARACTER SET utf8 COLLATE utf8_general_ci NOT NULL,
  `SubProjectCity` varchar(20) CHARACTER SET utf8 COLLATE utf8_general_ci NOT NULL,
  `SubProjectState` varchar(20) CHARACTER SET utf8 COLLATE utf8_general_ci NOT NULL,
  `SubProjectCountry` varchar(20) CHARACTER SET utf8 COLLATE utf8_general_ci NOT NULL,
  `SubProjectZipCode` varchar(20) CHARACTER SET utf8 COLLATE utf8_general_ci NOT NULL,
  `SubProjectEstimatedValue` decimal(19,2) NOT NULL,
  `SubProjectStatus` varchar(20) CHARACTER SET utf8 COLLATE utf8_general_ci DEFAULT NULL,
  `SubProjectStartDate` date NOT NULL,
  `SubProjectEndDate` date NOT NULL,
  `UpdatedBy` varchar(20) CHARACTER SET utf8 COLLATE utf8_general_ci NOT NULL,
  `UpdatedTimeStamp` timestamp NOT NULL DEFAULT CURRENT_TIMESTAMP ON UPDATE CURRENT_TIMESTAMP,
  PRIMARY KEY (`AutoSubProjectId`),
  UNIQUE KEY `UC_SubProjects` (`SubProjectName`),
  KEY `par_ind` (`AutoSubProjectId`),
  KEY `AutoProjectId` (`AutoProjectId`),
  CONSTRAINT `infrasubprojects_ibfk_1` FOREIGN KEY (`AutoProjectId`) REFERENCES `infraprojects` (`AutoProjectId`) ON DELETE CASCADE
) ENGINE=InnoDB AUTO_INCREMENT=89 DEFAULT CHARSET=utf8mb4 COLLATE=utf8mb4_0900_ai_ci;
/*!40101 SET character_set_client = @saved_cs_client */;

--
-- Dumping data for table `infrasubprojects`
--

LOCK TABLES `infrasubprojects` WRITE;
/*!40000 ALTER TABLE `infrasubprojects` DISABLE KEYS */;
INSERT INTO `infrasubprojects` VALUES (1,'LLP20210801-Sub1','SubProject-A01',1,'Sample sub project, Part if main project','Sub-Type-1','SunTowers 4th Floor','Hyderabad','Telangana','India','500060',52000.06,'In Progress','2021-01-01','2021-06-01','Admin1','2021-11-22 11:30:35'),(2,'LLP20210801-Sub2','SubProject-B02',2,'Sample sub project, Part if main project','Sub-Type-2','SunTowers 4th Floor','Hyderabad','Telangana','India','500060',92000.06,'Pending','2021-06-01','2021-01-01','Admin1','2021-11-22 11:30:35'),(3,'LLP20210801-Sub2','SubProject-B03',2,'Sample sub project, Part if main project','Sub-Type-2','SunTowers 4th Floor','Hyderabad','Telangana','India','500060',92000.06,'Pending','2021-06-01','2021-01-01','Admin1','2021-11-22 11:30:35'),(4,'LLP20210801-Sub2','SubProject-C04',3,'Sample sub project, Part if main project','Sub-Type-2','SunTowers 4th Floor','Hyderabad','Telangana','India','500060',92000.06,'Pending','2021-06-01','2021-01-01','Admin1','2021-11-22 11:30:35'),(5,'LLP20210801-Sub2','SubProject-C05',3,'Sample sub project, Part if main project','Sub-Type-2','SunTowers 4th Floor','Hyderabad','Telangana','India','500060',92000.06,'Pending','2021-06-01','2021-01-01','Admin1','2021-11-22 11:30:35'),(6,'LLP20210801-Sub2','SubProject-C06',3,'Sample sub project, Part if main project','Sub-Type-2','SunTowers 4th Floor','Hyderabad','Telangana','India','500060',92000.06,'Pending','2021-06-01','2021-01-01','Admin1','2021-11-22 11:30:35'),(12,'LLP01-Sub1','JCRGLIS',4,'Sample sub project, Part if main project','Irrigation','Jangaon','Jangaon','Telangana','India','500060',52000.06,'In Progress','2021-01-01','2021-06-01','Admin1','2021-12-01 08:47:12'),(13,'LLP01-Sub2','ARMC',4,'Sample sub project, Part if main project','Irrigation','Jangaon','Jangaon','Telangana','India','500060',92000.06,'Pending','2021-06-01','2021-01-01','Admin1','2021-12-01 06:54:06'),(14,'LLP01-Sub3','CRMC',4,'Sample sub project, Part if main project','Irrigation','Jangaon','Jangaon','Telangana','India','500060',92000.06,'Pending','2021-06-01','2021-01-01','Admin1','2021-12-01 06:54:06'),(15,'LLP01-Sub3','ARMC Minors',4,'Sample sub project, Part if main project','Irrigation','Jangaon','Jangaon','Telangana','India','500060',92000.06,'Pending','2021-06-01','2021-01-01','Admin1','2021-12-01 06:54:06'),(16,'LLP01-Sub4','CRMC Minors',4,'Sample sub project, Part if main project','Irrigation','Jangaon','Jangaon','Telangana','India','500060',92000.06,'Pending','2021-06-01','2021-01-01','Admin1','2021-12-01 06:54:06');
/*!40000 ALTER TABLE `infrasubprojects` ENABLE KEYS */;
UNLOCK TABLES;

--
-- Table structure for table `infrausermatrix`
--

DROP TABLE IF EXISTS `infrausermatrix`;
/*!40101 SET @saved_cs_client     = @@character_set_client */;
/*!50503 SET character_set_client = utf8mb4 */;
CREATE TABLE `infrausermatrix` (
  `AutoMatrixId` int NOT NULL AUTO_INCREMENT,
  `RoleId` int DEFAULT NULL,
  `Functionality` varchar(20) CHARACTER SET utf8 COLLATE utf8_general_ci NOT NULL,
  `Subfunctionality` varchar(20) CHARACTER SET utf8 COLLATE utf8_general_ci NOT NULL,
  `Permission` binary(1) NOT NULL,
  `Notes` varchar(40) CHARACTER SET utf8 COLLATE utf8_general_ci DEFAULT NULL,
  PRIMARY KEY (`AutoMatrixId`),
  KEY `par_ind` (`AutoMatrixId`),
  KEY `RoleId` (`RoleId`),
  CONSTRAINT `infrausermatrix_ibfk_1` FOREIGN KEY (`RoleId`) REFERENCES `infrauserroles` (`AutoRoleId`) ON DELETE SET NULL ON UPDATE CASCADE
) ENGINE=InnoDB AUTO_INCREMENT=441 DEFAULT CHARSET=utf8mb4 COLLATE=utf8mb4_0900_ai_ci;
/*!40101 SET character_set_client = @saved_cs_client */;

--
-- Dumping data for table `infrausermatrix`
--

LOCK TABLES `infrausermatrix` WRITE;
/*!40000 ALTER TABLE `infrausermatrix` DISABLE KEYS */;
INSERT INTO `infrausermatrix` VALUES (1,1,'Materials','All',_binary '0',NULL),(2,1,'Materials Receipts','Create',_binary '1',NULL),(3,1,'Materials Receipts','Delete',_binary '1',NULL),(4,1,'Materials Receipts','Update',_binary '1',NULL),(5,1,'Materials Receipts','Approve',_binary '0',NULL),(6,1,'Materials Receipts','Decline',_binary '0',NULL),(7,1,'Materials Issue','Create',_binary '1',NULL),(8,1,'Materials Issue','Delete',_binary '1',NULL),(9,1,'Materials Issue','Update',_binary '1',NULL),(10,1,'Materials Issue','Approve',_binary '0',NULL),(11,1,'Materials Issue','Decline',_binary '0',NULL),(12,1,'Assets','All',_binary '0',NULL),(13,1,'Work Done','All',_binary '0',NULL),(14,1,'Users','All',_binary '0',NULL),(15,1,'Vendors','All',_binary '0',NULL),(16,2,'Materials','All',_binary '0',NULL),(17,2,'Materials Receipts','Approve',_binary '1',NULL),(18,2,'Materials Receipts','Decline',_binary '1',NULL),(19,2,'Materials Receipts','Update',_binary '0',NULL),(20,2,'Materials Receipts','Approve',_binary '0',NULL),(21,2,'Materials Receipts','Decline',_binary '0',NULL),(22,2,'Materials Issue','Create',_binary '0',NULL),(23,2,'Materials Issue','Delete',_binary '0',NULL),(24,2,'Materials Issue','Update',_binary '0',NULL),(25,2,'Materials Issue','Approve',_binary '1',NULL),(26,2,'Materials Issue','Decline',_binary '1',NULL),(27,2,'Assets','All',_binary '0',NULL),(28,2,'Work Done','Create',_binary '1',NULL),(29,2,'Work Done','Update',_binary '1',NULL),(30,2,'Work Done','Delete',_binary '1',NULL),(31,2,'Work Done','Approve',_binary '0',NULL),(32,2,'Work Done','Decline',_binary '0',NULL),(33,2,'Users','All',_binary '0',NULL),(34,2,'Vendors','All',_binary '0',NULL),(35,3,'Work Done','Create',_binary '0',NULL),(36,3,'Work Done','Update',_binary '0',NULL),(37,3,'Work Done','Delete',_binary '0',NULL),(38,3,'Work Done','Approve',_binary '1',NULL),(39,3,'Work Done','Decline',_binary '1',NULL),(40,3,'Users','All',_binary '0',NULL),(41,3,'Materials','All',_binary '0',NULL),(42,3,'Assets','Create',_binary '1',NULL),(43,3,'Assets','Update',_binary '1',NULL),(44,3,'Assets','Delete',_binary '1',NULL),(45,3,'Assets','Approve',_binary '0',NULL),(46,3,'Assets','Decline',_binary '0',NULL),(47,3,'Vendors','All',_binary '0',NULL),(48,4,'Vendors','All',_binary '1',NULL),(49,4,'Assets','All',_binary '1',NULL),(50,4,'Materials','All',_binary '1',NULL),(51,4,'Materials Receipts','All',_binary '1',NULL),(52,4,'Materials Issue','All',_binary '1',NULL),(53,4,'Materials','All',_binary '1',NULL),(54,4,'Work Done','All',_binary '1',NULL),(55,4,'Users','All',_binary '1',NULL),(56,1,'Materials','All',_binary '0',NULL),(57,1,'Materials Receipts','Create',_binary '1',NULL),(58,1,'Materials Receipts','Delete',_binary '1',NULL),(59,1,'Materials Receipts','Update',_binary '1',NULL),(60,1,'Materials Receipts','Approve',_binary '0',NULL),(61,1,'Materials Receipts','Decline',_binary '0',NULL),(62,1,'Materials Issue','Create',_binary '1',NULL),(63,1,'Materials Issue','Delete',_binary '1',NULL),(64,1,'Materials Issue','Update',_binary '1',NULL),(65,1,'Materials Issue','Approve',_binary '0',NULL),(66,1,'Materials Issue','Decline',_binary '0',NULL),(67,1,'Assets','All',_binary '0',NULL),(68,1,'Work Done','All',_binary '0',NULL),(69,1,'Users','All',_binary '0',NULL),(70,1,'Vendors','All',_binary '0',NULL),(71,2,'Materials','All',_binary '0',NULL),(72,2,'Materials Receipts','Approve',_binary '1',NULL),(73,2,'Materials Receipts','Decline',_binary '1',NULL),(74,2,'Materials Receipts','Update',_binary '0',NULL),(75,2,'Materials Receipts','Approve',_binary '0',NULL),(76,2,'Materials Receipts','Decline',_binary '0',NULL),(77,2,'Materials Issue','Create',_binary '0',NULL),(78,2,'Materials Issue','Delete',_binary '0',NULL),(79,2,'Materials Issue','Update',_binary '0',NULL),(80,2,'Materials Issue','Approve',_binary '1',NULL),(81,2,'Materials Issue','Decline',_binary '1',NULL),(82,2,'Assets','All',_binary '0',NULL),(83,2,'Work Done','Create',_binary '1',NULL),(84,2,'Work Done','Update',_binary '1',NULL),(85,2,'Work Done','Delete',_binary '1',NULL),(86,2,'Work Done','Approve',_binary '0',NULL),(87,2,'Work Done','Decline',_binary '0',NULL),(88,2,'Users','All',_binary '0',NULL),(89,2,'Vendors','All',_binary '0',NULL),(90,3,'Work Done','Create',_binary '0',NULL),(91,3,'Work Done','Update',_binary '0',NULL),(92,3,'Work Done','Delete',_binary '0',NULL),(93,3,'Work Done','Approve',_binary '1',NULL),(94,3,'Work Done','Decline',_binary '1',NULL),(95,3,'Users','All',_binary '0',NULL),(96,3,'Materials','All',_binary '0',NULL),(97,3,'Assets','Create',_binary '1',NULL),(98,3,'Assets','Update',_binary '1',NULL),(99,3,'Assets','Delete',_binary '1',NULL),(100,3,'Assets','Approve',_binary '0',NULL),(101,3,'Assets','Decline',_binary '0',NULL),(102,3,'Vendors','All',_binary '0',NULL),(103,4,'Vendors','All',_binary '1',NULL),(104,4,'Assets','All',_binary '1',NULL),(105,4,'Materials','All',_binary '1',NULL),(106,4,'Materials Receipts','All',_binary '1',NULL),(107,4,'Materials Issue','All',_binary '1',NULL),(108,4,'Materials','All',_binary '1',NULL),(109,4,'Work Done','All',_binary '1',NULL),(110,4,'Users','All',_binary '1',NULL),(111,1,'Materials','All',_binary '0',NULL),(112,1,'Materials Receipts','Create',_binary '1',NULL),(113,1,'Materials Receipts','Delete',_binary '1',NULL),(114,1,'Materials Receipts','Update',_binary '1',NULL),(115,1,'Materials Receipts','Approve',_binary '0',NULL),(116,1,'Materials Receipts','Decline',_binary '0',NULL),(117,1,'Materials Issue','Create',_binary '1',NULL),(118,1,'Materials Issue','Delete',_binary '1',NULL),(119,1,'Materials Issue','Update',_binary '1',NULL),(120,1,'Materials Issue','Approve',_binary '0',NULL),(121,1,'Materials Issue','Decline',_binary '0',NULL),(122,1,'Assets','All',_binary '0',NULL),(123,1,'Work Done','All',_binary '0',NULL),(124,1,'Users','All',_binary '0',NULL),(125,1,'Vendors','All',_binary '0',NULL),(126,2,'Materials','All',_binary '0',NULL),(127,2,'Materials Receipts','Approve',_binary '1',NULL),(128,2,'Materials Receipts','Decline',_binary '1',NULL),(129,2,'Materials Receipts','Update',_binary '0',NULL),(130,2,'Materials Receipts','Approve',_binary '0',NULL),(131,2,'Materials Receipts','Decline',_binary '0',NULL),(132,2,'Materials Issue','Create',_binary '0',NULL),(133,2,'Materials Issue','Delete',_binary '0',NULL),(134,2,'Materials Issue','Update',_binary '0',NULL),(135,2,'Materials Issue','Approve',_binary '1',NULL),(136,2,'Materials Issue','Decline',_binary '1',NULL),(137,2,'Assets','All',_binary '0',NULL),(138,2,'Work Done','Create',_binary '1',NULL),(139,2,'Work Done','Update',_binary '1',NULL),(140,2,'Work Done','Delete',_binary '1',NULL),(141,2,'Work Done','Approve',_binary '0',NULL),(142,2,'Work Done','Decline',_binary '0',NULL),(143,2,'Users','All',_binary '0',NULL),(144,2,'Vendors','All',_binary '0',NULL),(145,3,'Work Done','Create',_binary '0',NULL),(146,3,'Work Done','Update',_binary '0',NULL),(147,3,'Work Done','Delete',_binary '0',NULL),(148,3,'Work Done','Approve',_binary '1',NULL),(149,3,'Work Done','Decline',_binary '1',NULL),(150,3,'Users','All',_binary '0',NULL),(151,3,'Materials','All',_binary '0',NULL),(152,3,'Assets','Create',_binary '1',NULL),(153,3,'Assets','Update',_binary '1',NULL),(154,3,'Assets','Delete',_binary '1',NULL),(155,3,'Assets','Approve',_binary '0',NULL),(156,3,'Assets','Decline',_binary '0',NULL),(157,3,'Vendors','All',_binary '0',NULL),(158,4,'Vendors','All',_binary '1',NULL),(159,4,'Assets','All',_binary '1',NULL),(160,4,'Materials','All',_binary '1',NULL),(161,4,'Materials Receipts','All',_binary '1',NULL),(162,4,'Materials Issue','All',_binary '1',NULL),(163,4,'Materials','All',_binary '1',NULL),(164,4,'Work Done','All',_binary '1',NULL),(165,4,'Users','All',_binary '1',NULL),(166,1,'Materials','All',_binary '0',NULL),(167,1,'Materials Receipts','Create',_binary '1',NULL),(168,1,'Materials Receipts','Delete',_binary '1',NULL),(169,1,'Materials Receipts','Update',_binary '1',NULL),(170,1,'Materials Receipts','Approve',_binary '0',NULL),(171,1,'Materials Receipts','Decline',_binary '0',NULL),(172,1,'Materials Issue','Create',_binary '1',NULL),(173,1,'Materials Issue','Delete',_binary '1',NULL),(174,1,'Materials Issue','Update',_binary '1',NULL),(175,1,'Materials Issue','Approve',_binary '0',NULL),(176,1,'Materials Issue','Decline',_binary '0',NULL),(177,1,'Assets','All',_binary '0',NULL),(178,1,'Work Done','All',_binary '0',NULL),(179,1,'Users','All',_binary '0',NULL),(180,1,'Vendors','All',_binary '0',NULL),(181,2,'Materials','All',_binary '0',NULL),(182,2,'Materials Receipts','Approve',_binary '1',NULL),(183,2,'Materials Receipts','Decline',_binary '1',NULL),(184,2,'Materials Receipts','Update',_binary '0',NULL),(185,2,'Materials Receipts','Approve',_binary '0',NULL),(186,2,'Materials Receipts','Decline',_binary '0',NULL),(187,2,'Materials Issue','Create',_binary '0',NULL),(188,2,'Materials Issue','Delete',_binary '0',NULL),(189,2,'Materials Issue','Update',_binary '0',NULL),(190,2,'Materials Issue','Approve',_binary '1',NULL),(191,2,'Materials Issue','Decline',_binary '1',NULL),(192,2,'Assets','All',_binary '0',NULL),(193,2,'Work Done','Create',_binary '1',NULL),(194,2,'Work Done','Update',_binary '1',NULL),(195,2,'Work Done','Delete',_binary '1',NULL),(196,2,'Work Done','Approve',_binary '0',NULL),(197,2,'Work Done','Decline',_binary '0',NULL),(198,2,'Users','All',_binary '0',NULL),(199,2,'Vendors','All',_binary '0',NULL),(200,3,'Work Done','Create',_binary '0',NULL),(201,3,'Work Done','Update',_binary '0',NULL),(202,3,'Work Done','Delete',_binary '0',NULL),(203,3,'Work Done','Approve',_binary '1',NULL),(204,3,'Work Done','Decline',_binary '1',NULL),(205,3,'Users','All',_binary '0',NULL),(206,3,'Materials','All',_binary '0',NULL),(207,3,'Assets','Create',_binary '1',NULL),(208,3,'Assets','Update',_binary '1',NULL),(209,3,'Assets','Delete',_binary '1',NULL),(210,3,'Assets','Approve',_binary '0',NULL),(211,3,'Assets','Decline',_binary '0',NULL),(212,3,'Vendors','All',_binary '0',NULL),(213,4,'Vendors','All',_binary '1',NULL),(214,4,'Assets','All',_binary '1',NULL),(215,4,'Materials','All',_binary '1',NULL),(216,4,'Materials Receipts','All',_binary '1',NULL),(217,4,'Materials Issue','All',_binary '1',NULL),(218,4,'Materials','All',_binary '1',NULL),(219,4,'Work Done','All',_binary '1',NULL),(220,4,'Users','All',_binary '1',NULL),(221,1,'Materials','All',_binary '0',NULL),(222,1,'Materials Receipts','Create',_binary '1',NULL),(223,1,'Materials Receipts','Delete',_binary '1',NULL),(224,1,'Materials Receipts','Update',_binary '1',NULL),(225,1,'Materials Receipts','Approve',_binary '0',NULL),(226,1,'Materials Receipts','Decline',_binary '0',NULL),(227,1,'Materials Issue','Create',_binary '1',NULL),(228,1,'Materials Issue','Delete',_binary '1',NULL),(229,1,'Materials Issue','Update',_binary '1',NULL),(230,1,'Materials Issue','Approve',_binary '0',NULL),(231,1,'Materials Issue','Decline',_binary '0',NULL),(232,1,'Assets','All',_binary '0',NULL),(233,1,'Work Done','All',_binary '0',NULL),(234,1,'Users','All',_binary '0',NULL),(235,1,'Vendors','All',_binary '0',NULL),(236,2,'Materials','All',_binary '0',NULL),(237,2,'Materials Receipts','Approve',_binary '1',NULL),(238,2,'Materials Receipts','Decline',_binary '1',NULL),(239,2,'Materials Receipts','Update',_binary '0',NULL),(240,2,'Materials Receipts','Approve',_binary '0',NULL),(241,2,'Materials Receipts','Decline',_binary '0',NULL),(242,2,'Materials Issue','Create',_binary '0',NULL),(243,2,'Materials Issue','Delete',_binary '0',NULL),(244,2,'Materials Issue','Update',_binary '0',NULL),(245,2,'Materials Issue','Approve',_binary '1',NULL),(246,2,'Materials Issue','Decline',_binary '1',NULL),(247,2,'Assets','All',_binary '0',NULL),(248,2,'Work Done','Create',_binary '1',NULL),(249,2,'Work Done','Update',_binary '1',NULL),(250,2,'Work Done','Delete',_binary '1',NULL),(251,2,'Work Done','Approve',_binary '0',NULL),(252,2,'Work Done','Decline',_binary '0',NULL),(253,2,'Users','All',_binary '0',NULL),(254,2,'Vendors','All',_binary '0',NULL),(255,3,'Work Done','Create',_binary '0',NULL),(256,3,'Work Done','Update',_binary '0',NULL),(257,3,'Work Done','Delete',_binary '0',NULL),(258,3,'Work Done','Approve',_binary '1',NULL),(259,3,'Work Done','Decline',_binary '1',NULL),(260,3,'Users','All',_binary '0',NULL),(261,3,'Materials','All',_binary '0',NULL),(262,3,'Assets','Create',_binary '1',NULL),(263,3,'Assets','Update',_binary '1',NULL),(264,3,'Assets','Delete',_binary '1',NULL),(265,3,'Assets','Approve',_binary '0',NULL),(266,3,'Assets','Decline',_binary '0',NULL),(267,3,'Vendors','All',_binary '0',NULL),(268,4,'Vendors','All',_binary '1',NULL),(269,4,'Assets','All',_binary '1',NULL),(270,4,'Materials','All',_binary '1',NULL),(271,4,'Materials Receipts','All',_binary '1',NULL),(272,4,'Materials Issue','All',_binary '1',NULL),(273,4,'Materials','All',_binary '1',NULL),(274,4,'Work Done','All',_binary '1',NULL),(275,4,'Users','All',_binary '1',NULL),(276,1,'Materials','All',_binary '0',NULL),(277,1,'Materials Receipts','Create',_binary '1',NULL),(278,1,'Materials Receipts','Delete',_binary '1',NULL),(279,1,'Materials Receipts','Update',_binary '1',NULL),(280,1,'Materials Receipts','Approve',_binary '0',NULL),(281,1,'Materials Receipts','Decline',_binary '0',NULL),(282,1,'Materials Issue','Create',_binary '1',NULL),(283,1,'Materials Issue','Delete',_binary '1',NULL),(284,1,'Materials Issue','Update',_binary '1',NULL),(285,1,'Materials Issue','Approve',_binary '0',NULL),(286,1,'Materials Issue','Decline',_binary '0',NULL),(287,1,'Assets','All',_binary '0',NULL),(288,1,'Work Done','All',_binary '0',NULL),(289,1,'Users','All',_binary '0',NULL),(290,1,'Vendors','All',_binary '0',NULL),(291,2,'Materials','All',_binary '0',NULL),(292,2,'Materials Receipts','Approve',_binary '1',NULL),(293,2,'Materials Receipts','Decline',_binary '1',NULL),(294,2,'Materials Receipts','Update',_binary '0',NULL),(295,2,'Materials Receipts','Approve',_binary '0',NULL),(296,2,'Materials Receipts','Decline',_binary '0',NULL),(297,2,'Materials Issue','Create',_binary '0',NULL),(298,2,'Materials Issue','Delete',_binary '0',NULL),(299,2,'Materials Issue','Update',_binary '0',NULL),(300,2,'Materials Issue','Approve',_binary '1',NULL),(301,2,'Materials Issue','Decline',_binary '1',NULL),(302,2,'Assets','All',_binary '0',NULL),(303,2,'Work Done','Create',_binary '1',NULL),(304,2,'Work Done','Update',_binary '1',NULL),(305,2,'Work Done','Delete',_binary '1',NULL),(306,2,'Work Done','Approve',_binary '0',NULL),(307,2,'Work Done','Decline',_binary '0',NULL),(308,2,'Users','All',_binary '0',NULL),(309,2,'Vendors','All',_binary '0',NULL),(310,3,'Work Done','Create',_binary '0',NULL),(311,3,'Work Done','Update',_binary '0',NULL),(312,3,'Work Done','Delete',_binary '0',NULL),(313,3,'Work Done','Approve',_binary '1',NULL),(314,3,'Work Done','Decline',_binary '1',NULL),(315,3,'Users','All',_binary '0',NULL),(316,3,'Materials','All',_binary '0',NULL),(317,3,'Assets','Create',_binary '1',NULL),(318,3,'Assets','Update',_binary '1',NULL),(319,3,'Assets','Delete',_binary '1',NULL),(320,3,'Assets','Approve',_binary '0',NULL),(321,3,'Assets','Decline',_binary '0',NULL),(322,3,'Vendors','All',_binary '0',NULL),(323,4,'Vendors','All',_binary '1',NULL),(324,4,'Assets','All',_binary '1',NULL),(325,4,'Materials','All',_binary '1',NULL),(326,4,'Materials Receipts','All',_binary '1',NULL),(327,4,'Materials Issue','All',_binary '1',NULL),(328,4,'Materials','All',_binary '1',NULL),(329,4,'Work Done','All',_binary '1',NULL),(330,4,'Users','All',_binary '1',NULL),(331,1,'Materials','All',_binary '0',NULL),(332,1,'Materials Receipts','Create',_binary '1',NULL),(333,1,'Materials Receipts','Delete',_binary '1',NULL),(334,1,'Materials Receipts','Update',_binary '1',NULL),(335,1,'Materials Receipts','Approve',_binary '0',NULL),(336,1,'Materials Receipts','Decline',_binary '0',NULL),(337,1,'Materials Issue','Create',_binary '1',NULL),(338,1,'Materials Issue','Delete',_binary '1',NULL),(339,1,'Materials Issue','Update',_binary '1',NULL),(340,1,'Materials Issue','Approve',_binary '0',NULL),(341,1,'Materials Issue','Decline',_binary '0',NULL),(342,1,'Assets','All',_binary '0',NULL),(343,1,'Work Done','All',_binary '0',NULL),(344,1,'Users','All',_binary '0',NULL),(345,1,'Vendors','All',_binary '0',NULL),(346,2,'Materials','All',_binary '0',NULL),(347,2,'Materials Receipts','Approve',_binary '1',NULL),(348,2,'Materials Receipts','Decline',_binary '1',NULL),(349,2,'Materials Receipts','Update',_binary '0',NULL),(350,2,'Materials Receipts','Approve',_binary '0',NULL),(351,2,'Materials Receipts','Decline',_binary '0',NULL),(352,2,'Materials Issue','Create',_binary '0',NULL),(353,2,'Materials Issue','Delete',_binary '0',NULL),(354,2,'Materials Issue','Update',_binary '0',NULL),(355,2,'Materials Issue','Approve',_binary '1',NULL),(356,2,'Materials Issue','Decline',_binary '1',NULL),(357,2,'Assets','All',_binary '0',NULL),(358,2,'Work Done','Create',_binary '1',NULL),(359,2,'Work Done','Update',_binary '1',NULL),(360,2,'Work Done','Delete',_binary '1',NULL),(361,2,'Work Done','Approve',_binary '0',NULL),(362,2,'Work Done','Decline',_binary '0',NULL),(363,2,'Users','All',_binary '0',NULL),(364,2,'Vendors','All',_binary '0',NULL),(365,3,'Work Done','Create',_binary '0',NULL),(366,3,'Work Done','Update',_binary '0',NULL),(367,3,'Work Done','Delete',_binary '0',NULL),(368,3,'Work Done','Approve',_binary '1',NULL),(369,3,'Work Done','Decline',_binary '1',NULL),(370,3,'Users','All',_binary '0',NULL),(371,3,'Materials','All',_binary '0',NULL),(372,3,'Assets','Create',_binary '1',NULL),(373,3,'Assets','Update',_binary '1',NULL),(374,3,'Assets','Delete',_binary '1',NULL),(375,3,'Assets','Approve',_binary '0',NULL),(376,3,'Assets','Decline',_binary '0',NULL),(377,3,'Vendors','All',_binary '0',NULL),(378,4,'Vendors','All',_binary '1',NULL),(379,4,'Assets','All',_binary '1',NULL),(380,4,'Materials','All',_binary '1',NULL),(381,4,'Materials Receipts','All',_binary '1',NULL),(382,4,'Materials Issue','All',_binary '1',NULL),(383,4,'Materials','All',_binary '1',NULL),(384,4,'Work Done','All',_binary '1',NULL),(385,4,'Users','All',_binary '1',NULL),(386,1,'Materials','All',_binary '0',NULL),(387,1,'Materials Receipts','Create',_binary '1',NULL),(388,1,'Materials Receipts','Delete',_binary '1',NULL),(389,1,'Materials Receipts','Update',_binary '1',NULL),(390,1,'Materials Receipts','Approve',_binary '0',NULL),(391,1,'Materials Receipts','Decline',_binary '0',NULL),(392,1,'Materials Issue','Create',_binary '1',NULL),(393,1,'Materials Issue','Delete',_binary '1',NULL),(394,1,'Materials Issue','Update',_binary '1',NULL),(395,1,'Materials Issue','Approve',_binary '0',NULL),(396,1,'Materials Issue','Decline',_binary '0',NULL),(397,1,'Assets','All',_binary '0',NULL),(398,1,'Work Done','All',_binary '0',NULL),(399,1,'Users','All',_binary '0',NULL),(400,1,'Vendors','All',_binary '0',NULL),(401,2,'Materials','All',_binary '0',NULL),(402,2,'Materials Receipts','Approve',_binary '1',NULL),(403,2,'Materials Receipts','Decline',_binary '1',NULL),(404,2,'Materials Receipts','Update',_binary '0',NULL),(405,2,'Materials Receipts','Approve',_binary '0',NULL),(406,2,'Materials Receipts','Decline',_binary '0',NULL),(407,2,'Materials Issue','Create',_binary '0',NULL),(408,2,'Materials Issue','Delete',_binary '0',NULL),(409,2,'Materials Issue','Update',_binary '0',NULL),(410,2,'Materials Issue','Approve',_binary '1',NULL),(411,2,'Materials Issue','Decline',_binary '1',NULL),(412,2,'Assets','All',_binary '0',NULL),(413,2,'Work Done','Create',_binary '1',NULL),(414,2,'Work Done','Update',_binary '1',NULL),(415,2,'Work Done','Delete',_binary '1',NULL),(416,2,'Work Done','Approve',_binary '0',NULL),(417,2,'Work Done','Decline',_binary '0',NULL),(418,2,'Users','All',_binary '0',NULL),(419,2,'Vendors','All',_binary '0',NULL),(420,3,'Work Done','Create',_binary '0',NULL),(421,3,'Work Done','Update',_binary '0',NULL),(422,3,'Work Done','Delete',_binary '0',NULL),(423,3,'Work Done','Approve',_binary '1',NULL),(424,3,'Work Done','Decline',_binary '1',NULL),(425,3,'Users','All',_binary '0',NULL),(426,3,'Materials','All',_binary '0',NULL),(427,3,'Assets','Create',_binary '1',NULL),(428,3,'Assets','Update',_binary '1',NULL),(429,3,'Assets','Delete',_binary '1',NULL),(430,3,'Assets','Approve',_binary '0',NULL),(431,3,'Assets','Decline',_binary '0',NULL),(432,3,'Vendors','All',_binary '0',NULL),(433,4,'Vendors','All',_binary '1',NULL),(434,4,'Assets','All',_binary '1',NULL),(435,4,'Materials','All',_binary '1',NULL),(436,4,'Materials Receipts','All',_binary '1',NULL),(437,4,'Materials Issue','All',_binary '1',NULL),(438,4,'Materials','All',_binary '1',NULL),(439,4,'Work Done','All',_binary '1',NULL),(440,4,'Users','All',_binary '1',NULL);
/*!40000 ALTER TABLE `infrausermatrix` ENABLE KEYS */;
UNLOCK TABLES;

--
-- Table structure for table `infrauserpasswords`
--

DROP TABLE IF EXISTS `infrauserpasswords`;
/*!40101 SET @saved_cs_client     = @@character_set_client */;
/*!50503 SET character_set_client = utf8mb4 */;
CREATE TABLE `infrauserpasswords` (
  `AutoId` int NOT NULL AUTO_INCREMENT,
  `UserId` int DEFAULT NULL,
  `password` varchar(20) CHARACTER SET utf8 COLLATE utf8_general_ci NOT NULL,
  `UpdatedBy` varchar(40) CHARACTER SET utf8 COLLATE utf8_general_ci NOT NULL,
  `UpdatedTimeStamp` timestamp NOT NULL DEFAULT CURRENT_TIMESTAMP ON UPDATE CURRENT_TIMESTAMP,
  PRIMARY KEY (`AutoId`),
  KEY `par_ind` (`AutoId`),
  KEY `UserId` (`UserId`),
  CONSTRAINT `infrauserpasswords_ibfk_1` FOREIGN KEY (`UserId`) REFERENCES `infrausers` (`AutoUserId`) ON DELETE SET NULL ON UPDATE CASCADE
) ENGINE=InnoDB DEFAULT CHARSET=utf8mb4 COLLATE=utf8mb4_0900_ai_ci;
/*!40101 SET character_set_client = @saved_cs_client */;

--
-- Dumping data for table `infrauserpasswords`
--

LOCK TABLES `infrauserpasswords` WRITE;
/*!40000 ALTER TABLE `infrauserpasswords` DISABLE KEYS */;
/*!40000 ALTER TABLE `infrauserpasswords` ENABLE KEYS */;
UNLOCK TABLES;

--
-- Table structure for table `infrauserprojects`
--

DROP TABLE IF EXISTS `infrauserprojects`;
/*!40101 SET @saved_cs_client     = @@character_set_client */;
/*!50503 SET character_set_client = utf8mb4 */;
CREATE TABLE `infrauserprojects` (
  `AutoId` int NOT NULL AUTO_INCREMENT,
  `UserId` int DEFAULT NULL,
  `ProjectId` int DEFAULT NULL,
  `SubProjectId` int DEFAULT NULL,
  `AssignedDate` date DEFAULT NULL,
  `UpdatedBy` varchar(40) CHARACTER SET utf8 COLLATE utf8_general_ci NOT NULL,
  `UpdatedTimeStamp` timestamp NOT NULL DEFAULT CURRENT_TIMESTAMP ON UPDATE CURRENT_TIMESTAMP,
  PRIMARY KEY (`AutoId`),
  KEY `par_ind` (`AutoId`),
  KEY `ProjectId` (`ProjectId`),
  KEY `SubProjectId` (`SubProjectId`),
  KEY `UserId` (`UserId`),
  CONSTRAINT `infrauserprojects_ibfk_1` FOREIGN KEY (`ProjectId`) REFERENCES `infraprojects` (`AutoProjectId`) ON DELETE SET NULL ON UPDATE CASCADE,
  CONSTRAINT `infrauserprojects_ibfk_2` FOREIGN KEY (`SubProjectId`) REFERENCES `infrasubprojects` (`AutoSubProjectId`) ON DELETE SET NULL ON UPDATE CASCADE,
  CONSTRAINT `infrauserprojects_ibfk_3` FOREIGN KEY (`UserId`) REFERENCES `infrausers` (`AutoUserId`) ON DELETE SET NULL ON UPDATE CASCADE
) ENGINE=InnoDB DEFAULT CHARSET=utf8mb4 COLLATE=utf8mb4_0900_ai_ci;
/*!40101 SET character_set_client = @saved_cs_client */;

--
-- Dumping data for table `infrauserprojects`
--

LOCK TABLES `infrauserprojects` WRITE;
/*!40000 ALTER TABLE `infrauserprojects` DISABLE KEYS */;
/*!40000 ALTER TABLE `infrauserprojects` ENABLE KEYS */;
UNLOCK TABLES;

--
-- Table structure for table `infrauserroles`
--

DROP TABLE IF EXISTS `infrauserroles`;
/*!40101 SET @saved_cs_client     = @@character_set_client */;
/*!50503 SET character_set_client = utf8mb4 */;
CREATE TABLE `infrauserroles` (
  `AutoRoleId` int NOT NULL AUTO_INCREMENT,
  `RoleId` varchar(20) CHARACTER SET utf8 COLLATE utf8_general_ci DEFAULT NULL,
  `RoleName` varchar(20) CHARACTER SET utf8 COLLATE utf8_general_ci NOT NULL,
  `RoleType` varchar(20) CHARACTER SET utf8 COLLATE utf8_general_ci NOT NULL,
  `RoleDescription` varchar(80) DEFAULT NULL,
  `UpdatedBy` varchar(40) NOT NULL,
  `UpdatedTimeStamp` timestamp NOT NULL DEFAULT CURRENT_TIMESTAMP ON UPDATE CURRENT_TIMESTAMP,
  PRIMARY KEY (`AutoRoleId`),
  UNIQUE KEY `UC_UserRoles` (`RoleName`)
) ENGINE=InnoDB AUTO_INCREMENT=30 DEFAULT CHARSET=utf8mb4 COLLATE=utf8mb4_0900_ai_ci;
/*!40101 SET character_set_client = @saved_cs_client */;

--
-- Dumping data for table `infrauserroles`
--

LOCK TABLES `infrauserroles` WRITE;
/*!40000 ALTER TABLE `infrauserroles` DISABLE KEYS */;
INSERT INTO `infrauserroles` VALUES (1,'RL01','Store Keeper','Store Keeper','Store Keeper','Admin1','2021-11-22 11:30:35'),(2,'RL02','Site Engineer','Site Engineer','Site Engineer','Site Engineer','2021-11-22 11:30:35'),(3,'RL03','Project Manager','Project Manager','Project Manager','Project Manager','2021-11-22 11:30:35'),(4,'RL04','Admin','Admin','Admin','Admin','2021-11-22 11:30:35');
/*!40000 ALTER TABLE `infrauserroles` ENABLE KEYS */;
UNLOCK TABLES;

--
-- Table structure for table `infrausers`
--

DROP TABLE IF EXISTS `infrausers`;
/*!40101 SET @saved_cs_client     = @@character_set_client */;
/*!50503 SET character_set_client = utf8mb4 */;
CREATE TABLE `infrausers` (
  `AutoUserId` int NOT NULL AUTO_INCREMENT,
  `UserEmail` varchar(40) CHARACTER SET utf8 COLLATE utf8_general_ci NOT NULL,
  `UserMobileNumber` varchar(20) CHARACTER SET utf8 COLLATE utf8_general_ci NOT NULL,
  `FullName` varchar(40) CHARACTER SET utf8 COLLATE utf8_general_ci NOT NULL,
  `Address` varchar(80) CHARACTER SET utf8 COLLATE utf8_general_ci DEFAULT NULL,
  `District` varchar(20) CHARACTER SET utf8 COLLATE utf8_general_ci DEFAULT NULL,
  `State` varchar(20) CHARACTER SET utf8 COLLATE utf8_general_ci DEFAULT NULL,
  `Country` varchar(20) CHARACTER SET utf8 COLLATE utf8_general_ci DEFAULT NULL,
  `ProjectId` int DEFAULT NULL,
  `SubProjectId` int DEFAULT NULL,
  `RoleId` int DEFAULT NULL,
  `Status` varchar(20) DEFAULT 'pending',
  `Password` varchar(255) CHARACTER SET utf8 COLLATE utf8_general_ci NOT NULL,
  `UpdatedBy` varchar(40) CHARACTER SET utf8 COLLATE utf8_general_ci NOT NULL,
  `UpdatedTimeStamp` timestamp NULL DEFAULT NULL,
  PRIMARY KEY (`AutoUserId`),
  UNIQUE KEY `UC_Users` (`UserEmail`,`UserMobileNumber`),
  KEY `par_ind` (`AutoUserId`),
  KEY `RoleId` (`RoleId`),
  KEY `ProjectId` (`ProjectId`),
  KEY `SubProjectId` (`SubProjectId`),
  CONSTRAINT `infrausers_ibfk_1` FOREIGN KEY (`RoleId`) REFERENCES `infrauserroles` (`AutoRoleId`) ON DELETE SET NULL ON UPDATE CASCADE,
  CONSTRAINT `infrausers_ibfk_2` FOREIGN KEY (`ProjectId`) REFERENCES `infraprojects` (`AutoProjectId`) ON DELETE SET NULL ON UPDATE CASCADE,
  CONSTRAINT `infrausers_ibfk_3` FOREIGN KEY (`SubProjectId`) REFERENCES `infrasubprojects` (`AutoSubProjectId`) ON DELETE SET NULL ON UPDATE CASCADE
) ENGINE=InnoDB AUTO_INCREMENT=105 DEFAULT CHARSET=utf8mb4 COLLATE=utf8mb4_0900_ai_ci;
/*!40101 SET character_set_client = @saved_cs_client */;

--
-- Dumping data for table `infrausers`
--

LOCK TABLES `infrausers` WRITE;
/*!40000 ALTER TABLE `infrausers` DISABLE KEYS */;
INSERT INTO `infrausers` VALUES (1,'admin1@infra.com','+91-1234567890','Jhon Doe','Madhapur','Hyderabad','Telangana','India',NULL,NULL,4,'approve','Amdin$Infra1','Admin','2021-11-22 11:30:35'),(2,'sri@gmail.com','98761542103','srija',NULL,NULL,NULL,NULL,1,1,1,'approve','$2a$10$jajGknAeJpgGGEmkLJ8o8u/tHy8j3lWWdFCWHUOa23.PrkWO89SAq','Admin','2021-11-22 11:51:59'),(3,'srija@gmail.com','9999999999','Srija',NULL,NULL,NULL,NULL,2,3,1,'decline','$2a$10$clLk5XmjZEMjAXUzemL7vu1lGZ7Ye3S6d192nSxYqJW1eZAcFN6TS','9999999999','2021-11-22 12:11:16'),(4,'test@infra.com','9010418454','test',NULL,NULL,NULL,NULL,4,12,1,'approve','Test@2345','9010418454','2022-01-24 07:24:24'),(5,'test1@gmail.com','12345','Dhanalakshmi',NULL,NULL,NULL,NULL,1,1,1,'approve','$2a$10$.RxY.VxF14FiW5nOS5gdSOsPaTCbF5337GCWkgiIJjUur8q2nMIUe','12345','2021-12-22 09:53:07'),(6,'srijak@gmail.com','9686785235','srija',NULL,NULL,NULL,NULL,2,3,1,'approve','$2a$10$zAVSB.ndYMiR8Q1fyInw8e9Q0ComoSnqkTW.RMVuPenMYuDGvr6HW','9686785235','2021-11-22 12:22:22'),(7,'srij@gmail.com','9635488557','srilu',NULL,NULL,NULL,NULL,4,15,1,'approve','$2a$10$dP9ZWCsdTxTpGD.H7cogTO5boBfxWxssF3WSeseWvNbwAkUV8Vku6','9635488557','2021-11-22 12:30:19'),(8,'prasad@gmail.com','7013406701','prasad',NULL,NULL,NULL,NULL,2,3,1,'approve','$2a$10$Ya/mtPGZ74lly2NiV/ak5OS.PlH7W1YBWo8gmUAF9Gq8jxDK/Ry.u','7013406701','2021-11-22 14:02:39'),(9,'loki@gmail.com','1234567890','lokesh',NULL,NULL,NULL,NULL,NULL,NULL,1,'decline','$2a$10$j/CpNRxY8s4MxGgf.J6ReOa0A.wAP.4wJsEr2lknA2eD0PM1/sXxm','1234567890','2021-11-22 14:05:27'),(10,'lokeshkolli55@gmail.com','9010418455','Lokesh Kolli',NULL,NULL,NULL,NULL,NULL,NULL,4,'decline','$2a$10$5i7zcRq1KKGDz0han3lfze9mcZuo1gCVH5VBtSek4w71QlLSC1CBW','9010418455','2021-11-23 04:42:18'),(11,'naani@gmail.com','9876543210','naani',NULL,NULL,NULL,NULL,1,1,1,'approve','$2a$10$OoMjQDoWXDvEfqVQziwiEOvuT6pUg9mXZ7UREQ6rVTONMXDPHsojG','9876543210','2021-12-22 12:19:01'),(12,'hjk@gmail.com','2132423544','jkjk',NULL,NULL,NULL,NULL,NULL,NULL,1,'decline','$2a$10$muPeEehg6ygWM66gvxMKGubn463DhJawDwtIIfyyfkn20XM0BJMbm','2132423544','2021-11-24 12:59:26'),(13,'madhu@gmail.com','123456789','madhu',NULL,NULL,NULL,NULL,1,1,1,'approve','$2a$10$Gc/jcdgIRPHp8jsCy5NZru1KriL.JfE62zLPFb.McZqQrVUB3RfOe','123456789','2021-11-24 13:00:50'),(14,'shannu@gmail.co','123456798','shannu',NULL,NULL,NULL,NULL,NULL,NULL,1,'decline','$2a$10$h2RfdibBqtVLpmZKYbERluhrIdQ6qBmh3GX9ADaP/hBjPA76KAo1K','123456798','2021-11-24 13:01:36'),(15,'s@gmail.com','3432545678','shann',NULL,NULL,NULL,NULL,1,1,1,'approve','$2a$10$0mxeo7PL1QOug2TkTiS1hOhtgQn2VFiLeQ4fWrMGyDObV/MIa2e/G','3432545678','2021-11-24 13:15:24'),(16,'meghana@gmail.com','1234567809','meghana',NULL,NULL,NULL,NULL,1,1,1,'approve','$2a$10$LqDxDvPp52KNdYEmhmOyueVrreCJheKKELD1eCSabk5Iv/SRxuTZa','1234567809','2021-11-25 09:14:24'),(17,'1234@gmail.com','1236546575','srija',NULL,NULL,NULL,NULL,1,1,1,'approve','$2a$10$tr9wnicSZHKr07s5EXW6HuYTmae7niMfIOfMkKtwSv8JpbqidUot2','1236546575','2021-11-25 09:15:20'),(18,'loke@gmail.com','1234523652','Lokeshh',NULL,NULL,NULL,NULL,1,1,1,'decline','$2a$10$eVpaxMclEcG5xUeHgspEleByhBBg4Js3GQHBFG6zUAwloqu46qwCW','1234523652','2021-11-25 14:08:20'),(19,'arun386@gmail.com','9949196343','arun pulapa',NULL,NULL,NULL,NULL,2,2,1,'approve','$2a$10$PNEnmjQQGuIkJQWKBfcci.QpPqy6ICgEg7JLgM95wbJH67lntcVBy','9949196343','2021-11-26 06:26:30'),(20,'naani12@gmail.com','9876543212','Naani',NULL,NULL,NULL,NULL,1,1,1,'approve','$2a$10$cBiGtEeLlxIIPlCjhcKUIOyIesV2.U8evVHxemQgTvy9IeUSrcsby','9876543212','2021-11-26 10:02:43'),(21,'arun123@gmail.com','9515748486','Arun1',NULL,NULL,NULL,NULL,NULL,NULL,1,'decline','$2a$10$IK3sFK6Od9TEQbXyJS/v5u9xjnlCAPvBLDrBwzDLt09Y737TBvC1W','9515748486','2021-11-26 12:58:57'),(22,'chkiran63@gmail.com','8374489934','kiran naidu',NULL,NULL,NULL,NULL,1,1,4,'approve','$2a$10$pvnHu3vyAsyO4vNdz6KdKOR.paQiIFt53NxGvarn1pPaSJmfPw6ai','8374489934','2021-11-26 13:07:33'),(23,'chkiran631996@gmail.com','8520845943','kiran naidu',NULL,NULL,NULL,NULL,1,1,1,'approve','$2a$10$hQ.yNNkKTcD8Qvc6OwKYiumqZ3hpMuiPlYNGoKgyG6GWnBT/wBHm.','8520845943','2021-11-26 13:10:13'),(24,'kumar.venkat001@gmail.com','7981860160','pavan kumar',NULL,NULL,NULL,NULL,1,1,1,'approve','','7981860160','2022-01-27 06:29:42'),(25,'nissiha@gmail.com','9876154103','srija',NULL,NULL,NULL,NULL,1,1,1,'approve','$2a$10$GDUjEYRUOTZIw8ss7Q2d3.F1ZsES1.nExgDap3aSOGdakEgNTxiui','Admin','2021-11-29 05:22:39'),(27,'hemanth@gmail.com','3451237890','hemanth',NULL,NULL,NULL,NULL,1,1,1,'approve','$2a$10$Ex/XhgkluQ97cZ68V2QEj.GvsoDFg3qY3e8mB0X6vvNTqWV0wUjoO','3451237890','2021-12-03 13:06:15'),(28,'hgh@gmail.com','1234567887','dfg',NULL,NULL,NULL,NULL,NULL,NULL,1,'decline','$2a$10$ttWntIZStuGijEVl2QErK.Ra3LQwqAAqc/2lIanvPsVb7Rcuetk/q','1234567887','2021-12-04 08:57:52'),(30,'srija.p@gmail.com','9866816283','srija',NULL,NULL,NULL,NULL,1,1,1,'decline','$2a$10$4rQU/BkDwuz2C5mUKQORsOYBiis7nyPsiuvq/HNhQokj.uQg1/nDK','9866816283','2021-12-08 08:40:14'),(37,'sankar19287@gmail.com','9959719287','Galla Guru Shankar',NULL,NULL,NULL,NULL,1,1,1,'approve','$2a$10$wcxqevKKlCwO1fBI4NwaVu3aWYxpvEz9XU0hL.8PICjoqyviENjMq','9959719287','2021-12-15 05:59:37'),(38,'lokiii@gmail.com','9010418659','Lokesh ',NULL,NULL,NULL,NULL,1,1,1,'approve','$2a$10$A.gpCU/5fLwfC/tlm8/e/Oaw2kUPKaXCHUgXa5d/i1p3eb7LcB/W.','9010418659','2022-01-24 06:17:40'),(39,'srijatest@gmail.com','0000000000','srija',NULL,NULL,NULL,NULL,1,1,1,'approve','$2a$10$CTBbSNu8N4q.sYjBpOrhz.T8/.XV6LuT.OIpILBznwGPNjk3TShv6','0000000000','2022-01-24 07:25:58'),(40,'saisree@gmail.com','8093288809','sai',NULL,NULL,NULL,NULL,1,1,1,'approve','1234','8093288809','2022-01-30 12:27:03'),(99,'admin@infra.com','+91-12345670','Jhon Doe','Madhapur','Hyderabad','Telangana','India',2,3,4,'approve','Test@1234','Admin','2021-11-22 11:30:35'),(100,'admin@gmail.com','4545654756','admin',NULL,NULL,NULL,NULL,1,1,4,'approve','1234','4545654756',NULL),(101,'maggi@gmail.com','1234989499','maggi',NULL,NULL,NULL,NULL,1,1,1,'approve','1234','1234989499',NULL),(102,'avin@gmail.com','6576787879','Avin',NULL,NULL,NULL,NULL,1,1,4,'approve','1234','6576787879',NULL),(103,'avink@gmail.com','9010428454','avin',NULL,NULL,NULL,NULL,1,1,1,'approve','1234','9010428454',NULL),(104,'mag@gmail.com','1234567567','meghana',NULL,NULL,NULL,NULL,2,2,1,'approve','1234','1234567567',NULL);
/*!40000 ALTER TABLE `infrausers` ENABLE KEYS */;
UNLOCK TABLES;

--
-- Table structure for table `infravendors`
--

DROP TABLE IF EXISTS `infravendors`;
/*!40101 SET @saved_cs_client     = @@character_set_client */;
/*!50503 SET character_set_client = utf8mb4 */;
CREATE TABLE `infravendors` (
  `AutoVendorId` int NOT NULL AUTO_INCREMENT,
  `VendorId` varchar(20) CHARACTER SET utf8 COLLATE utf8_general_ci DEFAULT NULL,
  `VendorName` varchar(40) CHARACTER SET utf8 COLLATE utf8_general_ci NOT NULL,
  `VendorDescription` varchar(80) CHARACTER SET utf8 COLLATE utf8_general_ci DEFAULT NULL,
  `VendorLocation` varchar(20) CHARACTER SET utf8 COLLATE utf8_general_ci DEFAULT NULL,
  `VendorType` varchar(20) CHARACTER SET utf8 COLLATE utf8_general_ci DEFAULT NULL,
  `UpdatedBy` varchar(40) CHARACTER SET utf8 COLLATE utf8_general_ci NOT NULL,
  `UpdatedTimeStamp` timestamp NOT NULL DEFAULT CURRENT_TIMESTAMP ON UPDATE CURRENT_TIMESTAMP,
  PRIMARY KEY (`AutoVendorId`),
  UNIQUE KEY `UC_UserpROJECTS` (`VendorName`),
  UNIQUE KEY `UC_InfraVendors` (`AutoVendorId`,`VendorId`,`VendorName`)
) ENGINE=InnoDB AUTO_INCREMENT=30 DEFAULT CHARSET=utf8mb4 COLLATE=utf8mb4_0900_ai_ci;
/*!40101 SET character_set_client = @saved_cs_client */;

--
-- Dumping data for table `infravendors`
--

LOCK TABLES `infravendors` WRITE;
/*!40000 ALTER TABLE `infravendors` DISABLE KEYS */;
INSERT INTO `infravendors` VALUES (1,'VNDR1','Vendor1','Vendor Description','Madhapur','Steel Provider','Admin1','2021-11-22 11:30:35'),(2,'VNDR2','Vendor2','Vendor Description','Warangal','Steel Provider','Admin1','2021-11-22 11:30:35'),(3,'VNDR3','Vendor3','Vendor Description','Madhapur','Cement Provider','Admin1','2021-11-22 11:30:35'),(4,'VNDR4','Vendor4','Vendor Description','Madhapur','Aggregate Provider','Admin1','2021-11-22 11:30:35');
/*!40000 ALTER TABLE `infravendors` ENABLE KEYS */;
UNLOCK TABLES;

--
-- Temporary view structure for view `materialissuelist`
--

DROP TABLE IF EXISTS `materialissuelist`;
/*!50001 DROP VIEW IF EXISTS `materialissuelist`*/;
SET @saved_cs_client     = @@character_set_client;
/*!50503 SET character_set_client = utf8mb4 */;
/*!50001 CREATE VIEW `materialissuelist` AS SELECT 
 1 AS `MaterialId`,
 1 AS `AutoMaterialIssueId`,
 1 AS `MaterialName`,
 1 AS `MaterialCategory`,
 1 AS `MaterialSubCategory`,
 1 AS `ProjectName`,
 1 AS `SubProjectName`,
 1 AS `FullName`,
 1 AS `UpdatedTimeStamp`,
 1 AS `Quantity`,
 1 AS `Metrics`,
 1 AS `IssuedDate`,
 1 AS `IssuedLocation`,
 1 AS `DeliverLocation`,
 1 AS `IssueVehicleNo`,
 1 AS `InvoiceImg`,
 1 AS `ReceivedBy`,
 1 AS `Notes`,
 1 AS `Status`*/;
SET character_set_client = @saved_cs_client;

--
-- Temporary view structure for view `materialreceiptslist`
--

DROP TABLE IF EXISTS `materialreceiptslist`;
/*!50001 DROP VIEW IF EXISTS `materialreceiptslist`*/;
SET @saved_cs_client     = @@character_set_client;
/*!50503 SET character_set_client = utf8mb4 */;
/*!50001 CREATE VIEW `materialreceiptslist` AS SELECT 
 1 AS `MaterialId`,
 1 AS `AutoMaterialReceiptId`,
 1 AS `MaterialName`,
 1 AS `MaterialCategory`,
 1 AS `MaterialSubCategory`,
 1 AS `ProjectName`,
 1 AS `SubProjectName`,
 1 AS `MaterialReceiptId`,
 1 AS `PurchaseDate`,
 1 AS `FullName`,
 1 AS `VendorName`,
 1 AS `UpdatedTimeStamp`,
 1 AS `Quantity`,
 1 AS `Price`,
 1 AS `Metrics`,
 1 AS `PurchaseOrderId1`,
 1 AS `PurchaseOrderId`,
 1 AS `DateReceived`,
 1 AS `VoucherDate`,
 1 AS `InvoiceNo`,
 1 AS `VehicleNo`,
 1 AS `Location`,
 1 AS `InvoiceImg`,
 1 AS `Notes`,
 1 AS `Status`*/;
SET character_set_client = @saved_cs_client;

--
-- Temporary view structure for view `materialstock`
--

DROP TABLE IF EXISTS `materialstock`;
/*!50001 DROP VIEW IF EXISTS `materialstock`*/;
SET @saved_cs_client     = @@character_set_client;
/*!50503 SET character_set_client = utf8mb4 */;
/*!50001 CREATE VIEW `materialstock` AS SELECT 
 1 AS `ProjectId`,
 1 AS `MaterialId`,
 1 AS `ProjectName`,
 1 AS `MaterialName`,
 1 AS `stock`*/;
SET character_set_client = @saved_cs_client;

--
-- Final view structure for view `materialissuelist`
--

/*!50001 DROP VIEW IF EXISTS `materialissuelist`*/;
/*!50001 SET @saved_cs_client          = @@character_set_client */;
/*!50001 SET @saved_cs_results         = @@character_set_results */;
/*!50001 SET @saved_col_connection     = @@collation_connection */;
/*!50001 SET character_set_client      = utf8mb4 */;
/*!50001 SET character_set_results     = utf8mb4 */;
/*!50001 SET collation_connection      = utf8mb4_0900_ai_ci */;
/*!50001 CREATE ALGORITHM=UNDEFINED */
/*!50013 DEFINER=`infradbdev`@`localhost` SQL SECURITY DEFINER */
/*!50001 VIEW `materialissuelist` AS select `b`.`MaterialId` AS `MaterialId`,`b`.`AutoMaterialIssueId` AS `AutoMaterialIssueId`,`a`.`MaterialName` AS `MaterialName`,`a`.`MaterialCategory` AS `MaterialCategory`,`a`.`MaterialSubCategory` AS `MaterialSubCategory`,`d`.`ProjectName` AS `ProjectName`,`e`.`SubProjectName` AS `SubProjectName`,`c`.`FullName` AS `FullName`,`b`.`UpdatedTimeStamp` AS `UpdatedTimeStamp`,`b`.`Quantity` AS `Quantity`,`b`.`Metrics` AS `Metrics`,`b`.`IssuedDate` AS `IssuedDate`,`b`.`IssuedLocation` AS `IssuedLocation`,`b`.`DeliverLocation` AS `DeliverLocation`,`b`.`IssueVehicleNo` AS `IssueVehicleNo`,`b`.`InvoiceImg` AS `InvoiceImg`,`b`.`ReceivedBy` AS `ReceivedBy`,`b`.`Notes` AS `Notes`,`b`.`Status` AS `Status` from ((((`inframaterials` `a` join `inframaterialsissue` `b` on((`a`.`AutoMaterialId` = `b`.`MaterialId`))) join `infrausers` `c` on((`b`.`UserId` = `c`.`AutoUserId`))) join `infraprojects` `d` on((`b`.`ProjectId` = `d`.`AutoProjectId`))) join `infrasubprojects` `e` on((`b`.`SubProjectId` = `e`.`AutoSubProjectId`))) */;
/*!50001 SET character_set_client      = @saved_cs_client */;
/*!50001 SET character_set_results     = @saved_cs_results */;
/*!50001 SET collation_connection      = @saved_col_connection */;

--
-- Final view structure for view `materialreceiptslist`
--

/*!50001 DROP VIEW IF EXISTS `materialreceiptslist`*/;
/*!50001 SET @saved_cs_client          = @@character_set_client */;
/*!50001 SET @saved_cs_results         = @@character_set_results */;
/*!50001 SET @saved_col_connection     = @@collation_connection */;
/*!50001 SET character_set_client      = utf8mb4 */;
/*!50001 SET character_set_results     = utf8mb4 */;
/*!50001 SET collation_connection      = utf8mb4_0900_ai_ci */;
/*!50001 CREATE ALGORITHM=UNDEFINED */
/*!50013 DEFINER=`infradbdev`@`localhost` SQL SECURITY DEFINER */
/*!50001 VIEW `materialreceiptslist` AS select `b`.`MaterialId` AS `MaterialId`,`b`.`AutoMaterialReceiptId` AS `AutoMaterialReceiptId`,`a`.`MaterialName` AS `MaterialName`,`a`.`MaterialCategory` AS `MaterialCategory`,`a`.`MaterialSubCategory` AS `MaterialSubCategory`,`d`.`ProjectName` AS `ProjectName`,`e`.`SubProjectName` AS `SubProjectName`,`b`.`MaterialReceiptId` AS `MaterialReceiptId`,`b`.`PurchaseDate` AS `PurchaseDate`,`c`.`FullName` AS `FullName`,`f`.`VendorName` AS `VendorName`,`b`.`UpdatedTimeStamp` AS `UpdatedTimeStamp`,`b`.`Quantity` AS `Quantity`,`b`.`Price` AS `Price`,`b`.`Metrics` AS `Metrics`,`b`.`PurchaseOrderId1` AS `PurchaseOrderId1`,`b`.`PurchaseOrderId` AS `PurchaseOrderId`,`b`.`DateReceived` AS `DateReceived`,`b`.`VoucherDate` AS `VoucherDate`,`b`.`InvoiceNo` AS `InvoiceNo`,`b`.`VehicleNo` AS `VehicleNo`,`b`.`Location` AS `Location`,`b`.`InvoiceImg` AS `InvoiceImg`,`b`.`Notes` AS `Notes`,`b`.`Status` AS `Status` from (((((`inframaterials` `a` join `inframaterialsreceipts` `b` on((`a`.`AutoMaterialId` = `b`.`MaterialId`))) join `infrausers` `c` on((`b`.`UserId` = `c`.`AutoUserId`))) join `infraprojects` `d` on((`b`.`ProjectId` = `d`.`AutoProjectId`))) join `infrasubprojects` `e` on((`b`.`SubProjectId` = `e`.`AutoSubProjectId`))) join `infravendors` `f` on((`b`.`VendorId` = `f`.`AutoVendorId`))) */;
/*!50001 SET character_set_client      = @saved_cs_client */;
/*!50001 SET character_set_results     = @saved_cs_results */;
/*!50001 SET collation_connection      = @saved_col_connection */;

--
-- Final view structure for view `materialstock`
--

/*!50001 DROP VIEW IF EXISTS `materialstock`*/;
/*!50001 SET @saved_cs_client          = @@character_set_client */;
/*!50001 SET @saved_cs_results         = @@character_set_results */;
/*!50001 SET @saved_col_connection     = @@collation_connection */;
/*!50001 SET character_set_client      = utf8mb4 */;
/*!50001 SET character_set_results     = utf8mb4 */;
/*!50001 SET collation_connection      = utf8mb4_0900_ai_ci */;
/*!50001 CREATE ALGORITHM=UNDEFINED */
/*!50013 DEFINER=`infradbdev`@`localhost` SQL SECURITY DEFINER */
/*!50001 VIEW `materialstock` AS select `a`.`ProjectId` AS `ProjectId`,`a`.`MaterialId` AS `MaterialId`,`a`.`ProjectName` AS `ProjectName`,`a`.`MaterialName` AS `MaterialName`,(`a`.`Quantity` - ifnull(`b`.`Quantity`,0)) AS `stock` from ((select `inframaterialsreceipts`.`ProjectId` AS `ProjectId`,`inframaterialsreceipts`.`MaterialId` AS `MaterialId`,`infraprojects`.`ProjectName` AS `ProjectName`,`inframaterials`.`MaterialName` AS `MaterialName`,ifnull(sum(`inframaterialsreceipts`.`Quantity`),0) AS `Quantity` from ((`inframaterialsreceipts` join `infraprojects` on((`infraprojects`.`AutoProjectId` = `inframaterialsreceipts`.`ProjectId`))) join `inframaterials` on((`inframaterials`.`AutoMaterialId` = `inframaterialsreceipts`.`MaterialId`))) where (`inframaterialsreceipts`.`Status` = 'approve') group by `inframaterialsreceipts`.`MaterialId`,`inframaterialsreceipts`.`ProjectId`) `a` left join (select `inframaterialsissue`.`ProjectId` AS `ProjectId`,`inframaterialsissue`.`MaterialId` AS `MaterialId`,`infraprojects`.`ProjectName` AS `ProjectName`,`inframaterials`.`MaterialName` AS `MaterialName`,ifnull(sum(`inframaterialsissue`.`Quantity`),0) AS `Quantity` from ((`inframaterialsissue` join `infraprojects` on((`infraprojects`.`AutoProjectId` = `inframaterialsissue`.`ProjectId`))) join `inframaterials` on((`inframaterials`.`AutoMaterialId` = `inframaterialsissue`.`MaterialId`))) where (`inframaterialsissue`.`Status` = 'approve') group by `inframaterialsissue`.`MaterialId`,`inframaterialsissue`.`ProjectId`) `b` on(((`a`.`ProjectId` = `b`.`ProjectId`) and (`a`.`MaterialId` = `b`.`MaterialId`)))) */;
/*!50001 SET character_set_client      = @saved_cs_client */;
/*!50001 SET character_set_results     = @saved_cs_results */;
/*!50001 SET collation_connection      = @saved_col_connection */;
/*!40103 SET TIME_ZONE=@OLD_TIME_ZONE */;

/*!40101 SET SQL_MODE=@OLD_SQL_MODE */;
/*!40014 SET FOREIGN_KEY_CHECKS=@OLD_FOREIGN_KEY_CHECKS */;
/*!40014 SET UNIQUE_CHECKS=@OLD_UNIQUE_CHECKS */;
/*!40101 SET CHARACTER_SET_CLIENT=@OLD_CHARACTER_SET_CLIENT */;
/*!40101 SET CHARACTER_SET_RESULTS=@OLD_CHARACTER_SET_RESULTS */;
/*!40101 SET COLLATION_CONNECTION=@OLD_COLLATION_CONNECTION */;
/*!40111 SET SQL_NOTES=@OLD_SQL_NOTES */;

-- Dump completed on 2022-03-08  8:53:19
